2023-04-03 15:58:01,332023-04-03 16:01:58,342023-04-03 16:07:15,342023-04-03 16:22:29,362023-04-03 16:37:43,312023-04-03 16:52:57,372023-04-03 17:08:11,422023-04-03 17:23:24,522023-04-03 17:38:38,532023-04-03 17:53:51,592023-04-03 18:09:05,712023-04-03 18:24:19,962023-04-03 18:39:33,972023-04-03 19:00:46,1042023-04-03 19:16:00,1152023-04-03 19:31:13,1262023-04-03 19:46:27,1152023-04-03 20:01:40,1152023-04-03 20:16:54,1092023-04-03 20:32:07,1072023-04-03 20:47:20,932023-04-03 21:02:34,872023-04-03 21:17:47,832023-04-03 21:33:01,752023-04-03 21:48:14,612023-04-04 09:21:28,522023-04-04 09:23:34,542023-04-04 09:24:40,542023-04-04 09:39:53,482023-04-04 09:55:06,402023-04-04 10:07:38,362023-04-04 10:13:49,362023-04-04 10:15:48,362023-04-04 10:17:24,342023-04-04 10:46:57,262023-04-04 10:52:06,282023-04-04 10:57:14,262023-04-04 11:02:22,242023-04-04 11:07:30,232023-04-04 11:22:35,232023-04-04 11:27:43,242023-04-04 12:14:51,302023-04-04 12:18:03,322023-04-04 12:23:16,35
2023-04-04 12:28:29,35
2023-04-04 12:33:42,34
2023-04-04 12:38:55,36
2023-04-04 12:44:08,39
2023-04-04 12:49:21,40
2023-04-04 12:54:35,47
2023-04-04 12:59:48,52
2023-04-04 13:05:01,51
2023-04-04 13:10:14,51
2023-04-04 13:15:27,49
2023-04-04 13:20:40,47
2023-04-04 13:25:53,48
2023-04-04 13:31:06,49
2023-04-04 13:36:19,47
2023-04-04 13:41:32,48
2023-04-04 13:46:45,49
2023-04-04 13:51:59,46
2023-04-04 13:57:12,49
2023-04-04 14:02:25,44
2023-04-04 14:07:38,42
2023-04-04 14:12:51,42
2023-04-04 14:18:04,42
2023-04-04 14:23:18,40
2023-04-04 14:28:32,40
2023-04-04 14:33:45,42
2023-04-04 14:38:58,41
2023-04-04 14:44:11,37
2023-04-04 14:49:24,33
2023-04-04 14:54:38,33
2023-04-04 14:59:51,36
2023-04-04 15:05:04,37
2023-04-04 15:10:17,34
2023-04-04 15:15:30,36
2023-04-04 15:20:43,37
2023-04-04 15:25:56,40
2023-04-04 15:31:10,41
2023-04-04 15:36:23,42
2023-04-04 15:41:37,39
2023-04-04 15:46:51,37
2023-04-04 15:52:04,37
2023-04-04 15:57:17,36
2023-04-04 16:02:31,38
2023-04-04 16:07:44,38
2023-04-04 16:12:57,38
2023-04-04 16:18:10,36
2023-04-04 16:23:23,37
2023-04-04 16:28:37,40
2023-04-04 16:33:50,41
2023-04-04 16:39:04,41
2023-04-04 16:44:17,41
2023-04-04 16:49:30,38
2023-04-04 16:54:44,40
2023-04-04 16:59:57,36
2023-04-04 17:05:10,41
2023-04-04 17:10:23,38
2023-04-04 17:15:36,42
2023-04-04 17:20:50,43
2023-04-04 17:26:03,46
2023-04-04 17:31:16,47
2023-04-04 17:36:29,48
2023-04-04 17:41:42,47
2023-04-04 17:46:55,46
2023-04-04 17:52:08,46
2023-04-04 17:57:21,47
2023-04-04 18:02:35,49
2023-04-04 18:07:48,51
2023-04-04 18:13:01,55
2023-04-04 18:18:14,62
2023-04-04 18:23:27,71
2023-04-04 18:28:41,73
2023-04-04 18:33:54,74
2023-04-04 18:39:08,80
2023-04-04 18:44:21,83
2023-04-04 18:49:34,93
2023-04-04 18:54:47,95
2023-04-04 19:00:00,94
2023-04-04 19:05:13,105
2023-04-04 19:10:27,114
2023-04-04 19:15:40,112
2023-04-04 19:20:53,119
2023-04-04 19:26:06,116
2023-04-04 19:31:19,113
2023-04-04 19:36:32,110
2023-04-04 19:41:45,108
2023-04-04 19:46:58,115
2023-04-04 19:52:14,114
2023-04-04 19:57:27,110
2023-04-04 20:02:40,109
2023-04-04 20:07:53,108
2023-04-04 20:13:08,105
2023-04-04 20:18:21,101
2023-04-04 20:23:34,99
2023-04-04 20:28:47,102
2023-04-04 20:34:00,95
2023-04-04 20:39:13,92
2023-04-04 20:44:26,83
2023-04-04 20:49:40,77
2023-04-04 20:54:53,78
2023-04-04 21:00:06,79
2023-04-04 21:05:19,76
2023-04-04 21:10:32,73
2023-04-04 21:15:45,69
2023-04-04 21:20:58,68
2023-04-04 21:26:12,63
2023-04-04 21:31:25,62
2023-04-04 21:36:38,60
2023-04-04 21:41:51,57
2023-04-04 21:47:04,53
2023-04-04 21:52:17,54
2023-04-04 21:57:31,55
2023-04-04 22:02:44,48
2023-04-04 22:07:57,46
2023-04-04 22:13:10,43
2023-04-04 22:18:24,45
2023-04-04 22:23:37,41
2023-04-04 22:28:50,37
2023-04-04 22:34:03,33
2023-04-04 22:39:16,30
2023-04-04 22:44:29,28
2023-04-04 22:49:43,27
2023-04-04 22:54:56,23
2023-04-04 23:00:09,22
2023-04-04 23:05:22,15
2023-04-04 23:10:35,17
2023-04-04 23:15:48,18
2023-04-04 23:21:01,18
2023-04-04 23:26:15,15
2023-04-04 23:31:28,15
2023-04-04 23:36:41,14
2023-04-04 23:41:54,1
2023-04-04 23:47:07,1
2023-04-04 23:52:20,1
2023-04-04 23:57:33,1
2023-04-05 00:02:47,0
2023-04-05 00:08:00,0
2023-04-05 00:13:13,0
2023-04-05 00:18:26,0
2023-04-05 00:23:39,0
2023-04-05 00:28:52,0
2023-04-05 00:34:14,0
2023-04-05 09:26:43,34
2023-04-05 09:31:56,37
2023-04-05 09:37:09,41
2023-04-05 09:42:22,43
2023-04-05 09:47:35,44
2023-04-05 09:52:49,43
2023-04-05 09:58:02,41
2023-04-05 10:03:15,40
2023-04-05 10:08:28,37
2023-04-05 10:13:41,35
2023-04-05 10:18:54,35
2023-04-05 10:20:50,35
2023-04-05 10:25:59,34
2023-04-05 10:31:12,32
2023-04-05 10:36:25,31
2023-04-05 10:41:39,30
2023-04-05 10:46:52,29
2023-04-05 10:52:06,25
2023-04-05 10:57:20,25
2023-04-05 11:02:33,26
2023-04-05 11:07:46,31
2023-04-05 11:12:59,31
2023-04-05 11:18:12,31
2023-04-05 11:23:25,27
2023-04-05 11:28:38,29
2023-04-05 11:33:51,25
2023-04-05 11:39:04,23
2023-04-05 11:44:17,27
2023-04-05 11:49:30,28
2023-04-05 11:54:43,28
2023-04-05 11:59:56,31
2023-04-05 12:05:09,33
2023-04-05 12:10:23,33
2023-04-05 12:15:36,38
2023-04-05 12:20:49,36
2023-04-05 12:26:03,39
2023-04-05 12:31:16,40
2023-04-05 12:36:29,40
2023-04-05 12:41:43,39
2023-04-05 12:46:56,37
2023-04-05 12:52:09,41
2023-04-05 12:57:22,45
2023-04-05 13:02:35,44
2023-04-05 13:07:48,44
2023-04-05 13:13:02,42
2023-04-05 13:18:15,39
2023-04-05 13:23:28,41
2023-04-05 13:28:41,42
2023-04-05 13:33:54,43
2023-04-05 13:39:08,42
2023-04-05 13:44:21,40
2023-04-05 13:49:34,36
2023-04-05 13:54:47,34
2023-04-05 14:00:00,36
2023-04-05 14:05:15,36
2023-04-05 14:10:28,35
2023-04-05 14:15:42,31
2023-04-05 14:20:55,32
2023-04-05 14:26:08,31
2023-04-05 14:31:21,28
2023-04-05 14:36:35,28
2023-04-05 14:41:48,29
2023-04-05 14:47:01,30
2023-04-05 14:52:14,30
2023-04-05 14:57:27,30
2023-04-05 15:07:48,30
2023-04-05 15:13:04,29
2023-04-05 15:18:17,30
2023-04-05 15:23:30,27
2023-04-05 15:28:44,27
2023-04-05 15:33:57,27
2023-04-05 15:39:10,26
2023-04-05 15:44:23,24
2023-04-05 15:49:37,24
2023-04-05 15:54:51,24
2023-04-05 16:00:04,24
2023-04-05 16:05:18,26
2023-04-05 16:10:31,26
2023-04-05 16:15:44,25
2023-04-05 16:20:29,24
2023-04-05 16:20:57,24
2023-04-05 16:26:10,25
2023-04-05 16:31:24,26
2023-04-05 16:36:37,27
2023-04-05 16:41:50,27
2023-04-05 16:47:03,28
2023-04-05 16:52:17,29
2023-04-05 16:57:30,31
2023-04-05 17:02:43,34
2023-04-05 17:07:56,38
2023-04-05 17:13:10,41
2023-04-05 17:18:23,42
2023-04-05 17:23:36,47
2023-04-05 17:28:49,52
2023-04-05 17:34:02,51
2023-04-05 17:39:16,52
2023-04-05 17:44:29,52
2023-04-05 17:49:42,54
2023-04-05 17:54:55,57
2023-04-05 18:00:08,58
2023-04-05 18:05:21,62
2023-04-05 18:10:34,70
2023-04-05 18:15:47,81
2023-04-05 18:21:01,80
2023-04-05 18:26:14,82
2023-04-05 18:31:27,87
2023-04-05 18:36:40,90
2023-04-05 18:41:53,88
2023-04-05 18:47:06,89
2023-04-05 18:52:19,91
2023-04-05 18:57:32,86
2023-04-05 19:02:46,91
2023-04-05 19:07:59,97
2023-04-05 19:13:12,98
2023-04-05 19:18:25,102
2023-04-05 19:23:39,100
2023-04-05 19:28:52,101
2023-04-05 19:34:06,97
2023-04-05 19:39:19,100
2023-04-05 19:44:31,97
2023-04-05 19:49:44,95
2023-04-05 19:54:57,97
2023-04-05 20:00:10,96
2023-04-05 20:05:24,92
2023-04-05 20:10:37,91
2023-04-05 20:15:50,92
2023-04-05 20:21:06,94
2023-04-05 20:26:19,100
2023-04-05 20:31:32,94
2023-04-05 20:36:45,92
2023-04-05 20:41:58,91
2023-04-05 20:47:11,88
2023-04-05 20:52:24,91
2023-04-05 20:57:37,85
2023-04-05 21:02:50,80
2023-04-05 21:08:03,83
2023-04-05 21:13:16,81
2023-04-05 21:18:29,79
2023-04-05 21:23:42,69
2023-04-05 21:28:55,71
2023-04-05 21:34:08,63
2023-04-05 21:39:21,61
2023-04-05 21:44:34,58
2023-04-05 21:49:47,57
2023-04-05 21:55:00,51
2023-04-05 22:00:13,47
2023-04-05 22:05:26,49
2023-04-05 22:10:38,46
2023-04-05 22:15:51,42
2023-04-05 22:21:04,43
2023-04-05 22:26:17,39
2023-04-05 22:31:30,38
2023-04-05 22:36:43,37
2023-04-05 22:41:56,37
2023-04-05 22:47:09,34
2023-04-05 22:52:22,32
2023-04-05 22:57:35,32
2023-04-05 23:02:48,29
2023-04-05 23:08:01,23
2023-04-05 23:13:14,20
2023-04-05 23:18:27,19
2023-04-05 23:23:40,18
2023-04-05 23:28:53,16
2023-04-05 23:34:06,17
2023-04-05 23:39:19,15
2023-04-05 23:44:32,14
2023-04-05 23:49:45,14
2023-04-05 23:54:58,11
2023-04-06 00:00:11,0
2023-04-06 00:05:24,0
2023-04-06 00:10:37,0
2023-04-06 00:15:50,0
2023-04-06 00:21:03,0
2023-04-06 00:26:16,0
2023-04-06 00:31:29,0
2023-04-06 00:36:42,0
2023-04-06 00:41:55,0
2023-04-06 00:47:08,0
2023-04-06 00:52:21,0
2023-04-06 00:57:34,0
2023-04-06 01:02:47,0
2023-04-06 01:08:00,0
2023-04-06 01:13:13,0
2023-04-06 01:18:26,0
2023-04-06 01:23:39,0
2023-04-06 01:28:52,0
2023-04-06 01:34:05,0
2023-04-06 01:39:18,0
2023-04-06 01:44:33,0
2023-04-06 01:49:46,0
2023-04-06 01:54:59,0
2023-04-06 02:00:12,0
2023-04-06 02:05:25,0
2023-04-06 02:10:38,0
2023-04-06 02:15:51,0
2023-04-06 02:21:04,0
2023-04-06 02:26:17,0
2023-04-06 02:31:30,0
2023-04-06 02:36:43,0
2023-04-06 02:41:56,0
2023-04-06 02:47:09,0
2023-04-06 02:52:22,0
2023-04-06 02:57:35,0
2023-04-06 03:02:48,0
2023-04-06 03:08:01,0
2023-04-06 03:13:18,0
2023-04-06 03:18:31,0
2023-04-06 03:23:44,0
2023-04-06 03:28:57,0
2023-04-06 03:34:10,0
2023-04-06 03:39:23,0
2023-04-06 03:44:36,0
2023-04-06 03:49:49,0
2023-04-06 03:55:02,0
2023-04-06 04:00:15,0
2023-04-06 04:05:28,0
2023-04-06 04:10:41,0
2023-04-06 04:15:54,0
2023-04-06 04:21:07,0
2023-04-06 04:26:20,0
2023-04-06 04:31:33,0
2023-04-06 04:36:47,0
2023-04-06 04:42:00,0
2023-04-06 04:47:13,0
2023-04-06 04:52:26,0
2023-04-06 04:57:39,0
2023-04-06 05:02:52,0
2023-04-06 05:08:05,0
2023-04-06 05:13:18,0
2023-04-06 05:18:31,0
2023-04-06 05:23:44,0
2023-04-06 05:28:57,0
2023-04-06 05:34:10,0
2023-04-06 05:39:23,0
2023-04-06 05:44:36,0
2023-04-06 05:49:49,0
2023-04-06 05:55:02,0
2023-04-06 06:05:22,0
2023-04-06 06:10:37,0
2023-04-06 06:15:50,0
2023-04-06 06:21:02,0
2023-04-06 06:26:16,0
2023-04-06 06:31:29,0
2023-04-06 06:36:42,0
2023-04-06 06:41:55,0
2023-04-06 06:47:08,0
2023-04-06 06:52:21,0
2023-04-06 06:57:34,0
2023-04-06 07:02:47,8
2023-04-06 07:07:59,14
2023-04-06 07:13:13,17
2023-04-06 07:18:26,19
2023-04-06 07:23:39,20
2023-04-06 07:28:52,19
2023-04-06 07:34:05,21
2023-04-06 07:39:18,22
2023-04-06 07:44:31,23
2023-04-06 07:49:44,24
2023-04-06 07:54:57,26
2023-04-06 08:00:10,32
2023-04-06 08:05:23,32
2023-04-06 08:10:36,33
2023-04-06 08:15:49,35
2023-04-06 08:21:02,41
2023-04-06 08:26:15,46
2023-04-06 08:31:28,44
2023-04-06 08:36:41,48
2023-04-06 08:41:54,48
2023-04-06 08:47:06,47
2023-04-06 08:52:20,47
2023-04-06 08:57:33,47
2023-04-06 09:02:46,44
2023-04-06 09:08:00,42
2023-04-06 09:13:14,41
2023-04-06 09:18:27,42
2023-04-06 09:23:40,43
2023-04-06 09:28:53,41
2023-04-06 09:34:06,42
2023-04-06 09:39:20,39
2023-04-06 09:44:33,38
2023-04-06 09:49:46,36
2023-04-06 09:54:59,35
2023-04-06 10:00:12,28
2023-04-06 10:05:26,28
2023-04-06 10:10:39,21
2023-04-06 10:15:52,24
2023-04-06 10:21:05,23
2023-04-06 10:26:18,21
2023-04-06 10:31:31,21
2023-04-06 10:36:45,20
2023-04-06 10:41:58,20
2023-04-06 10:47:11,24
2023-04-06 10:52:25,26
2023-04-06 10:57:38,24
2023-04-06 11:02:51,25
2023-04-06 11:08:04,25
2023-04-06 11:13:17,26
2023-04-06 11:18:31,25
2023-04-06 11:23:44,24
2023-04-06 11:28:57,23
2023-04-06 11:34:10,24
2023-04-06 11:39:23,27
2023-04-06 11:44:36,27
2023-04-06 11:49:52,30
2023-04-06 11:55:06,33
2023-04-06 12:00:19,38
2023-04-06 12:05:32,39
2023-04-06 12:10:45,39
2023-04-06 12:15:59,38
2023-04-06 12:21:12,38
2023-04-06 12:26:25,37
2023-04-06 12:31:38,39
2023-04-06 12:36:51,37
2023-04-06 12:42:05,38
2023-04-06 12:47:18,39
2023-04-06 12:52:31,38
2023-04-06 12:57:44,35
2023-04-06 13:02:58,36
2023-04-06 13:08:11,35
2023-04-06 13:13:24,30
2023-04-06 13:18:37,27
2023-04-06 13:23:50,27
2023-04-06 13:29:04,25
2023-04-06 13:34:17,26
2023-04-06 13:39:31,25
2023-04-06 13:44:44,28
2023-04-06 13:49:57,33
2023-04-06 13:55:10,38
2023-04-06 14:00:24,40
2023-04-06 14:05:37,39
2023-04-06 14:10:50,41
2023-04-06 14:16:03,41
2023-04-06 14:21:17,41
2023-04-06 14:26:30,41
2023-04-06 14:31:43,40
2023-04-06 14:36:56,40
2023-04-06 14:42:09,39
2023-04-06 14:47:22,41
2023-04-06 14:52:36,42
2023-04-06 14:57:49,40
2023-04-06 15:03:02,38
2023-04-06 15:08:15,39
2023-04-06 15:13:29,39
2023-04-06 15:18:42,41
2023-04-06 15:23:55,39
2023-04-06 15:29:08,39
2023-04-06 15:34:22,36
2023-04-06 15:39:35,33
2023-04-06 15:44:48,31
2023-04-06 15:50:01,28
2023-04-06 15:55:16,28
2023-04-06 16:00:29,29
2023-04-06 16:05:42,31
2023-04-06 16:10:56,31
2023-04-06 16:16:09,36
2023-04-06 16:21:22,37
2023-04-06 16:26:35,34
2023-04-06 16:31:49,36
2023-04-06 16:37:02,37
2023-04-06 16:42:15,33
2023-04-06 16:47:28,34
2023-04-06 16:52:42,34
2023-04-06 16:57:55,38
2023-04-06 17:03:08,39
2023-04-06 17:08:22,41
2023-04-06 17:13:35,51
2023-04-06 17:18:48,56
2023-04-06 17:24:01,53
2023-04-06 17:29:14,54
2023-04-06 17:34:27,57
2023-04-06 17:39:41,56
2023-04-06 17:44:54,59
2023-04-06 17:50:07,59
2023-04-06 17:55:20,61
2023-04-06 18:00:34,62
2023-04-06 18:05:47,66
2023-04-06 18:11:00,71
2023-04-06 18:16:13,73
2023-04-06 18:21:26,73
2023-04-06 18:26:40,75
2023-04-06 18:31:53,74
2023-04-06 18:37:06,75
2023-04-06 18:42:19,81
2023-04-06 18:47:33,90
2023-04-06 18:52:46,89
2023-04-06 18:57:59,92
2023-04-06 19:03:13,93
2023-04-06 19:08:26,98
2023-04-06 19:13:39,99
2023-04-06 19:18:52,102
2023-04-06 19:24:06,104
2023-04-06 19:29:19,100
2023-04-06 19:34:32,106
2023-04-06 19:39:45,104
2023-04-06 19:44:58,108
2023-04-06 19:50:12,108
2023-04-06 19:55:25,105
2023-04-06 20:00:38,104
2023-04-06 20:05:51,101
2023-04-06 20:11:04,104
2023-04-06 20:16:18,102
2023-04-06 20:21:31,101
2023-04-06 20:26:44,95
2023-04-06 20:31:58,93
2023-04-06 20:37:11,89
2023-04-06 20:42:24,87
2023-04-06 20:47:37,82
2023-04-06 20:52:51,75
2023-04-06 20:58:04,72
2023-04-06 21:03:17,69
2023-04-06 21:08:30,69
2023-04-06 21:13:44,65
2023-04-06 21:18:57,60
2023-04-06 21:24:10,55
2023-04-06 21:29:23,54
2023-04-06 21:34:37,51
2023-04-06 21:39:50,50
2023-04-06 21:45:03,46
2023-04-06 21:50:16,42
2023-04-06 21:55:29,39
2023-04-06 22:00:42,36
2023-04-06 22:05:56,34
2023-04-06 22:11:10,34
2023-04-06 22:16:23,34
2023-04-06 22:21:36,31
2023-04-06 22:26:49,27
2023-04-06 22:32:02,24
2023-04-06 22:37:16,23
2023-04-06 22:42:29,20
2023-04-06 22:47:42,16
2023-04-06 22:52:55,14
2023-04-06 22:58:08,13
2023-04-06 23:03:22,13
2023-04-06 23:08:35,13
2023-04-06 23:13:48,12
2023-04-06 23:19:02,12
2023-04-06 23:24:15,12
2023-04-06 23:29:28,11
2023-04-06 23:34:42,9
2023-04-06 23:39:55,8
2023-04-06 23:45:08,5
2023-04-06 23:50:22,5
2023-04-06 23:55:35,5
2023-04-07 00:00:48,0
2023-04-07 00:06:01,0
2023-04-07 00:11:14,0
2023-04-07 00:16:27,0
2023-04-07 00:21:40,0
2023-04-07 00:26:54,0
2023-04-07 00:32:07,0
2023-04-07 00:37:20,0
2023-04-07 00:42:33,0
2023-04-07 00:47:46,0
2023-04-07 00:52:59,0
2023-04-07 00:58:14,0
2023-04-07 01:03:27,0
2023-04-07 01:08:40,0
2023-04-07 01:13:54,0
2023-04-07 01:19:07,0
2023-04-07 01:24:20,0
2023-04-07 01:29:33,0
2023-04-07 01:34:46,0
2023-04-07 01:39:59,0
2023-04-07 01:45:13,0
2023-04-07 01:50:26,0
2023-04-07 01:55:40,0
2023-04-07 02:00:53,0
2023-04-07 02:06:06,0
2023-04-07 02:11:19,0
2023-04-07 02:16:32,0
2023-04-07 02:21:45,0
2023-04-07 02:26:58,0
2023-04-07 02:32:11,0
2023-04-07 02:37:24,0
2023-04-07 02:42:37,0
2023-04-07 02:47:50,0
2023-04-07 02:53:03,0
2023-04-07 02:58:16,0
2023-04-07 03:03:29,0
2023-04-07 03:08:42,0
2023-04-07 03:13:55,0
2023-04-07 03:19:08,0
2023-04-07 03:24:21,0
2023-04-07 03:29:34,0
2023-04-07 03:34:47,0
2023-04-07 03:40:00,0
2023-04-07 03:45:13,0
2023-04-07 03:50:26,0
2023-04-07 03:55:39,0
2023-04-07 04:00:52,0
2023-04-07 04:06:05,0
2023-04-07 04:11:18,0
2023-04-07 04:16:31,0
2023-04-07 04:21:44,0
2023-04-07 04:26:57,0
2023-04-07 04:32:10,0
2023-04-07 04:37:23,0
2023-04-07 04:42:36,0
2023-04-07 04:47:49,0
2023-04-07 04:53:02,0
2023-04-07 04:58:16,0
2023-04-07 05:03:28,0
2023-04-07 05:08:41,0
2023-04-07 05:13:54,0
2023-04-07 05:19:07,0
2023-04-07 05:24:20,0
2023-04-07 05:29:33,0
2023-04-07 05:34:46,0
2023-04-07 05:39:59,0
2023-04-07 05:45:12,0
2023-04-07 05:50:25,0
2023-04-07 05:55:38,0
2023-04-07 06:00:51,0
2023-04-07 06:06:04,0
2023-04-07 06:11:17,0
2023-04-07 06:16:30,0
2023-04-07 06:21:43,0
2023-04-07 06:26:56,0
2023-04-07 06:32:09,0
2023-04-07 06:37:22,0
2023-04-07 06:42:35,0
2023-04-07 06:47:48,0
2023-04-07 06:53:01,0
2023-04-07 06:58:14,0
2023-04-07 07:03:27,11
2023-04-07 07:08:40,15
2023-04-07 07:13:53,17
2023-04-07 07:19:06,17
2023-04-07 07:24:19,19
2023-04-07 07:29:32,21
2023-04-07 07:34:45,24
2023-04-07 07:39:58,26
2023-04-07 07:45:11,30
2023-04-07 07:50:24,31
2023-04-07 07:55:37,33
2023-04-07 08:00:50,35
2023-04-07 08:06:03,36
2023-04-07 08:11:16,42
2023-04-07 08:16:29,40
2023-04-07 08:21:41,43
2023-04-07 08:26:55,40
2023-04-07 08:32:07,40
2023-04-07 08:37:21,40
2023-04-07 08:42:34,39
2023-04-07 08:47:47,40
2023-04-07 08:53:00,41
2023-04-07 08:58:13,40
2023-04-07 09:03:26,45
2023-04-07 09:08:39,44
2023-04-07 09:13:53,43
2023-04-07 09:19:06,41
2023-04-07 09:24:19,39
2023-04-07 09:29:33,43
2023-04-07 09:34:46,44
2023-04-07 09:39:59,45
2023-04-07 09:45:12,42
2023-04-07 09:50:25,41
2023-04-07 09:55:39,41
2023-04-07 10:00:52,41
2023-04-07 10:06:05,41
2023-04-07 10:11:19,41
2023-04-07 10:16:32,41
2023-04-07 10:21:45,0
2023-04-07 10:26:58,41
2023-04-07 10:32:11,34
2023-04-07 10:37:25,31
2023-04-07 10:42:38,28
2023-04-07 10:47:51,26
2023-04-07 10:53:05,25
2023-04-07 10:58:18,22
2023-04-07 11:03:31,21
2023-04-07 11:08:44,20
2023-04-07 11:13:57,16
2023-04-07 11:19:10,16
2023-04-07 11:24:24,17
2023-04-07 11:29:37,19
2023-04-07 11:34:50,19
2023-04-07 11:40:03,17
2023-04-07 11:45:17,19
2023-04-07 11:50:30,19
2023-04-07 11:55:43,21
2023-04-07 12:00:56,23
2023-04-07 12:06:09,23
2023-04-07 12:11:22,27
2023-04-07 12:16:36,28
2023-04-07 12:21:49,30
2023-04-07 12:27:02,31
2023-04-07 12:32:15,33
2023-04-07 12:37:28,35
2023-04-07 12:42:42,34
2023-04-07 12:47:54,36
2023-04-07 12:53:08,41
2023-04-07 12:58:21,44
2023-04-07 13:03:34,42
2023-04-07 13:08:47,45
2023-04-07 13:14:01,45
2023-04-07 13:19:29,45
2023-04-07 13:24:42,43
2023-04-07 13:29:55,44
2023-04-07 13:35:09,41
2023-04-07 13:40:22,41
2023-04-07 13:45:35,41
2023-04-07 13:50:49,42
2023-04-07 13:56:02,39
2023-04-07 14:01:20,40
2023-04-07 14:06:33,40
2023-04-07 14:11:46,38
2023-04-07 14:17:00,37
2023-04-07 14:22:13,37
2023-04-07 14:27:26,34
2023-04-07 14:32:39,30
2023-04-07 14:37:53,30
2023-04-07 14:43:06,28
2023-04-07 14:48:19,28
2023-04-07 14:53:32,29
2023-04-07 14:58:45,29
2023-04-07 15:03:58,34
2023-04-07 15:09:11,36
2023-04-07 15:14:25,34
2023-04-07 15:19:38,33
2023-04-07 15:24:51,31
2023-04-07 15:30:05,32
2023-04-07 15:35:18,31
2023-04-07 15:40:31,32
2023-04-07 15:45:44,30
2023-04-07 15:50:58,30
2023-04-07 15:56:13,29
2023-04-07 16:01:26,33
2023-04-07 16:06:39,33
2023-04-07 16:11:53,30
2023-04-07 16:17:55,31
2023-04-07 16:23:43,35
2023-04-07 16:28:57,38
2023-04-07 16:34:10,36
2023-04-07 16:39:23,31
2023-04-07 16:44:36,31
2023-04-07 16:49:50,35
2023-04-07 16:55:06,31
2023-04-07 17:00:34,41
2023-04-07 17:05:48,47
2023-04-07 17:11:01,52
2023-04-07 17:16:14,54
2023-04-07 17:21:27,57
2023-04-07 17:26:40,57
2023-04-07 17:31:53,58
2023-04-07 17:37:06,59
2023-04-07 17:42:19,63
2023-04-07 17:47:33,64
2023-04-07 17:52:46,66
2023-04-07 17:57:59,65
2023-04-07 18:03:12,70
2023-04-07 18:08:25,73
2023-04-07 18:13:38,75
2023-04-07 18:18:52,74
2023-04-07 18:24:05,76
2023-04-07 18:29:18,75
2023-04-07 18:34:31,75
2023-04-07 18:39:44,74
2023-04-07 18:44:57,74
2023-04-07 18:50:11,74
2023-04-07 18:55:24,72
2023-04-07 19:00:37,77
2023-04-07 19:05:50,81
2023-04-07 19:11:03,79
2023-04-07 19:16:16,75
2023-04-07 19:21:29,76
2023-04-07 19:26:42,78
2023-04-07 19:31:55,79
2023-04-07 19:37:08,82
2023-04-07 19:42:22,75
2023-04-07 19:47:35,71
2023-04-07 19:52:48,71
2023-04-07 19:58:01,68
2023-04-07 20:03:14,72
2023-04-07 20:08:27,69
2023-04-07 20:13:41,63
2023-04-07 20:18:54,58
2023-04-07 20:24:07,59
2023-04-07 20:29:20,52
2023-04-07 20:34:34,54
2023-04-07 20:39:47,53
2023-04-07 20:45:00,54
2023-04-07 20:50:13,49
2023-04-07 20:55:26,48
2023-04-07 21:00:39,52
2023-04-07 21:05:53,50
2023-04-07 21:11:06,52
2023-04-07 21:16:19,51
2023-04-07 21:21:32,48
2023-04-07 21:26:45,46
2023-04-07 21:31:59,45
2023-04-07 21:37:12,45
2023-04-07 21:42:25,42
2023-04-07 21:47:39,44
2023-04-07 21:52:52,43
2023-04-07 21:58:05,43
2023-04-07 22:03:18,48
2023-04-07 22:08:31,48
2023-04-07 22:13:44,44
2023-04-07 22:18:57,43
2023-04-07 22:24:10,44
2023-04-07 22:29:24,38
2023-04-07 22:34:37,35
2023-04-07 22:39:50,32
2023-04-07 22:45:03,30
2023-04-07 22:50:16,25
2023-04-07 22:56:19,24
2023-04-07 23:01:32,23
2023-04-07 23:06:45,20
2023-04-07 23:11:59,19
2023-04-07 23:17:12,20
2023-04-07 23:22:25,19
2023-04-07 23:27:38,19
2023-04-07 23:32:51,13
2023-04-07 23:38:04,11
2023-04-07 23:43:17,11
2023-04-07 23:48:31,8
2023-04-07 23:53:44,3
2023-04-07 23:58:58,0
2023-04-08 00:04:11,0
2023-04-08 00:09:24,0
2023-04-08 00:14:37,0
2023-04-08 00:19:50,0
2023-04-08 00:25:03,0
2023-04-08 00:30:16,0
2023-04-08 00:35:29,0
2023-04-08 00:40:43,0
2023-04-08 00:45:56,0
2023-04-08 00:51:09,0
2023-04-08 00:56:22,0
2023-04-08 01:01:35,0
2023-04-08 01:06:48,0
2023-04-08 01:12:02,0
2023-04-08 01:17:15,0
2023-04-08 01:22:28,0
2023-04-08 01:27:41,0
2023-04-08 01:32:54,0
2023-04-08 01:38:08,0
2023-04-08 01:43:21,0
2023-04-08 01:48:34,0
2023-04-08 01:53:47,0
2023-04-08 01:59:00,0
2023-04-08 02:04:13,0
2023-04-08 02:09:26,0
2023-04-08 02:14:40,0
2023-04-08 02:19:53,0
2023-04-08 02:25:06,0
2023-04-08 02:30:19,0
2023-04-08 02:35:32,0
2023-04-08 02:40:45,0
2023-04-08 02:45:58,0
2023-04-08 02:51:12,0
2023-04-08 02:56:25,0
2023-04-08 03:01:38,0
2023-04-08 03:06:51,0
2023-04-08 03:12:04,0
2023-04-08 03:17:17,0
2023-04-08 03:22:30,0
2023-04-08 03:27:43,0
2023-04-08 03:32:56,0
2023-04-08 03:38:10,0
2023-04-08 03:43:23,0
2023-04-08 03:48:36,0
2023-04-08 03:53:49,0
2023-04-08 03:59:02,0
2023-04-08 04:04:15,0
2023-04-08 04:09:28,0
2023-04-08 04:14:41,0
2023-04-08 04:19:55,0
2023-04-08 04:25:08,0
2023-04-08 04:30:21,0
2023-04-08 04:35:34,0
2023-04-08 04:40:47,0
2023-04-08 04:46:00,0
2023-04-08 04:51:13,0
2023-04-08 04:56:26,0
2023-04-08 05:01:40,0
2023-04-08 05:06:53,0
2023-04-08 05:12:06,0
2023-04-08 05:17:19,0
2023-04-08 05:22:32,0
2023-04-08 05:27:46,0
2023-04-08 05:32:59,0
2023-04-08 05:38:12,0
2023-04-08 05:43:25,0
2023-04-08 05:48:38,0
2023-04-08 05:53:51,0
2023-04-08 05:59:04,0
2023-04-08 06:04:18,0
2023-04-08 06:09:31,0
2023-04-08 06:14:44,0
2023-04-08 06:19:57,0
2023-04-08 06:25:10,0
2023-04-08 06:30:23,0
2023-04-08 06:35:36,0
2023-04-08 06:40:49,0
2023-04-08 06:46:02,0
2023-04-08 06:51:16,0
2023-04-08 06:56:29,0
2023-04-08 07:01:42,0
2023-04-08 07:06:55,0
2023-04-08 07:12:08,0
2023-04-08 07:17:21,0
2023-04-08 07:22:34,0
2023-04-08 07:27:47,0
2023-04-08 07:33:00,0
2023-04-08 07:38:14,0
2023-04-08 07:43:27,0
2023-04-08 07:48:40,0
2023-04-08 07:53:53,0
2023-04-08 07:59:06,0
2023-04-08 08:04:19,0
2023-04-08 08:09:32,0
2023-04-08 08:14:46,0
2023-04-08 08:19:59,0
2023-04-08 08:25:12,0
2023-04-08 08:30:25,0
2023-04-08 08:35:38,0
2023-04-08 08:40:51,0
2023-04-08 08:46:04,0
2023-04-08 08:51:17,0
2023-04-08 08:56:31,0
2023-04-08 09:01:44,2
2023-04-08 09:06:57,2
2023-04-08 09:12:10,6
2023-04-08 09:17:23,8
2023-04-08 09:22:36,10
2023-04-08 09:27:49,10
2023-04-08 09:33:04,13
2023-04-08 09:38:17,15
2023-04-08 09:43:30,15
2023-04-08 09:48:43,17
2023-04-08 09:53:56,18
2023-04-08 09:59:09,22
2023-04-08 10:04:22,25
2023-04-08 10:09:35,28
2023-04-08 10:14:48,29
2023-04-08 10:20:02,32
2023-04-08 10:25:15,33
2023-04-08 10:30:28,34
2023-04-08 10:35:41,35
2023-04-08 10:40:54,36
2023-04-08 10:46:07,34
2023-04-08 10:51:20,38
2023-04-08 10:56:33,37
2023-04-08 11:01:47,35
2023-04-08 11:07:00,34
2023-04-08 11:12:13,34
2023-04-08 11:17:26,38
2023-04-08 11:22:39,41
2023-04-08 11:27:52,44
2023-04-08 11:33:05,44
2023-04-08 11:38:19,45
2023-04-08 11:43:32,46
2023-04-08 11:48:45,48
2023-04-08 11:53:58,54
2023-04-08 11:59:11,52
2023-04-08 12:09:31,51
2023-04-08 12:14:46,51
2023-04-08 12:20:00,53
2023-04-08 12:25:14,50
2023-04-08 12:30:27,53
2023-04-08 12:35:40,54
2023-04-08 12:40:53,53
2023-04-08 12:46:06,54
2023-04-08 12:51:19,56
2023-04-08 12:56:32,61
2023-04-08 13:01:46,58
2023-04-08 13:06:59,60
2023-04-08 13:12:12,63
2023-04-08 13:17:26,62
2023-04-08 13:22:39,59
2023-04-08 13:27:52,58
2023-04-08 13:33:05,60
2023-04-08 13:38:18,65
2023-04-08 13:43:31,65
2023-04-08 13:48:44,67
2023-04-08 13:53:59,68
2023-04-08 13:59:12,68
2023-04-08 14:04:26,64
2023-04-08 14:09:39,57
2023-04-08 14:14:52,56
2023-04-08 14:20:05,53
2023-04-08 14:25:19,50
2023-04-08 14:30:32,51
2023-04-08 14:35:45,50
2023-04-08 14:40:58,49
2023-04-08 14:46:12,49
2023-04-08 14:51:25,48
2023-04-08 14:56:38,44
2023-04-08 15:01:51,43
2023-04-08 15:07:05,43
2023-04-08 15:12:18,39
2023-04-08 15:17:32,37
2023-04-08 15:22:45,36
2023-04-08 15:27:58,36
2023-04-08 15:33:12,36
2023-04-08 15:38:25,31
2023-04-08 15:43:38,30
2023-04-08 15:48:51,32
2023-04-08 15:54:05,31
2023-04-08 15:59:20,31
2023-04-08 16:04:33,32
2023-04-08 16:09:47,34
2023-04-08 16:15:00,33
2023-04-08 16:20:13,33
2023-04-08 16:25:27,33
2023-04-08 16:30:40,32
2023-04-08 16:35:53,32
2023-04-08 16:41:06,34
2023-04-08 16:51:26,34
2023-04-08 16:56:41,32
2023-04-08 17:01:55,31
2023-04-08 17:07:08,34
2023-04-08 17:12:21,34
2023-04-08 17:17:34,34
2023-04-08 17:22:47,34
2023-04-08 17:28:00,33
2023-04-08 17:33:14,32
2023-04-08 17:38:27,28
2023-04-08 17:43:40,26
2023-04-08 17:48:53,25
2023-04-08 17:54:06,26
2023-04-08 17:59:19,26
2023-04-08 18:04:33,25
2023-04-08 18:09:46,26
2023-04-08 18:14:59,26
2023-04-08 18:20:12,24
2023-04-08 18:25:25,23
2023-04-08 18:30:38,25
2023-04-08 18:35:51,25
2023-04-08 18:41:05,25
2023-04-08 18:46:18,26
2023-04-08 18:51:31,26
2023-04-08 18:56:44,22
2023-04-08 19:01:57,24
2023-04-08 19:07:10,24
2023-04-08 19:12:23,23
2023-04-08 19:17:37,21
2023-04-08 19:22:50,23
2023-04-08 19:28:03,25
2023-04-08 19:33:16,25
2023-04-08 19:38:29,24
2023-04-08 19:43:42,21
2023-04-08 19:48:55,24
2023-04-08 19:54:08,25
2023-04-08 19:59:21,23
2023-04-08 20:04:34,23
2023-04-08 20:09:48,21
2023-04-08 20:15:01,22
2023-04-08 20:20:14,23
2023-04-08 20:25:27,23
2023-04-08 20:30:40,24
2023-04-08 20:35:54,26
2023-04-08 20:41:07,25
2023-04-08 20:46:20,25
2023-04-08 20:51:33,24
2023-04-08 20:56:47,25
2023-04-08 21:02:00,22
2023-04-08 21:07:13,21
2023-04-08 21:12:26,20
2023-04-08 21:17:39,18
2023-04-08 21:22:52,18
2023-04-08 21:28:05,17
2023-04-08 21:33:18,17
2023-04-08 21:38:32,17
2023-04-08 21:43:45,15
2023-04-08 21:49:00,8
2023-04-08 21:54:13,6
2023-04-08 21:59:26,6
2023-04-08 22:04:40,1
2023-04-08 22:09:53,0
2023-04-08 22:15:06,0
2023-04-08 22:20:20,0
2023-04-08 22:25:33,0
2023-04-08 22:30:47,0
2023-04-08 22:36:00,0
2023-04-08 22:41:13,0
2023-04-08 22:46:27,0
2023-04-08 22:51:40,0
2023-04-08 22:56:53,0
2023-04-08 23:02:06,0
2023-04-08 23:07:19,0
2023-04-08 23:12:33,0
2023-04-08 23:17:46,0
2023-04-08 23:22:59,0
2023-04-08 23:28:12,0
2023-04-08 23:33:25,0
2023-04-08 23:38:39,0
2023-04-08 23:43:52,0
2023-04-08 23:49:05,0
2023-04-08 23:54:18,0
2023-04-08 23:59:31,0
2023-04-09 00:04:45,0
2023-04-09 00:09:58,0
2023-04-09 00:15:11,0
2023-04-09 00:20:24,0
2023-04-09 00:25:37,0
2023-04-09 00:30:50,0
2023-04-09 00:36:03,0
2023-04-09 00:41:16,0
2023-04-09 00:46:29,0
2023-04-09 00:51:42,0
2023-04-09 00:56:55,0
2023-04-09 01:02:08,0
2023-04-09 01:07:21,0
2023-04-09 01:12:34,0
2023-04-09 01:17:47,0
2023-04-09 01:23:00,0
2023-04-09 01:28:13,0
2023-04-09 01:33:26,0
2023-04-09 01:38:39,0
2023-04-09 01:43:52,0
2023-04-09 01:49:05,0
2023-04-09 01:54:18,0
2023-04-09 11:00:26,27
2023-04-09 11:05:42,30
2023-04-09 11:10:55,29
2023-04-09 11:16:09,30
2023-04-09 11:21:22,32
2023-04-09 11:26:35,32
2023-04-09 11:31:48,31
2023-04-09 11:37:05,33
2023-04-09 11:42:19,41
2023-04-09 11:47:32,43
2023-04-09 11:52:45,42
2023-04-09 11:57:58,43
2023-04-09 12:00:35,44
2023-04-09 12:05:48,46
2023-04-09 12:10:58,43
2023-04-09 12:16:08,43
2023-04-09 12:21:17,44
2023-04-09 12:26:26,42
2023-04-09 12:31:35,40
2023-04-09 12:36:44,39
2023-04-09 12:41:53,41
2023-04-09 12:47:02,48
2023-04-09 12:52:11,50
2023-04-09 12:57:19,54
2023-04-09 13:02:28,55
2023-04-09 13:07:37,52
2023-04-09 13:12:46,52
2023-04-09 13:17:55,48
2023-04-09 13:23:04,46
2023-04-09 13:28:13,45
2023-04-09 13:33:22,46
2023-04-09 13:38:31,44
2023-04-09 13:43:40,44
2023-04-09 13:48:48,48
2023-04-09 13:53:57,52
2023-04-09 13:59:06,50
2023-04-09 14:04:15,51
2023-04-09 14:09:24,50
2023-04-09 14:14:33,54
2023-04-09 14:19:42,56
2023-04-09 14:24:51,56
2023-04-09 14:30:00,55
2023-04-09 14:35:09,55
2023-04-09 14:40:18,56
2023-04-09 14:45:27,53
2023-04-09 14:50:36,51
2023-04-09 14:55:44,52
2023-04-09 15:00:53,48
2023-04-09 15:06:02,48
2023-04-09 15:11:11,46
2023-04-09 15:16:20,47
2023-04-09 15:21:29,48
2023-04-09 15:26:38,47
2023-04-09 15:31:47,42
2023-04-09 15:36:56,39
2023-04-09 15:42:06,39
2023-04-09 15:47:16,39
2023-04-09 15:52:25,38
2023-04-09 15:57:34,39
2023-04-09 16:02:43,38
2023-04-09 16:07:52,37
2023-04-09 16:13:01,35
2023-04-09 16:18:09,36
2023-04-09 16:23:18,35
2023-04-09 16:28:27,34
2023-04-09 16:33:36,35
2023-04-09 16:38:46,35
2023-04-09 16:43:55,34
2023-04-09 16:49:04,33
2023-04-09 16:54:13,31
2023-04-09 16:59:22,32
2023-04-09 17:04:30,33
2023-04-09 17:09:40,33
2023-04-09 17:14:49,31
2023-04-09 17:19:57,34
2023-04-09 17:25:06,34
2023-04-09 17:30:15,32
2023-04-09 17:35:24,30
2023-04-09 17:40:33,30
2023-04-09 17:45:42,29
2023-04-09 17:50:51,27
2023-04-09 17:56:00,27
2023-04-09 18:01:09,27
2023-04-09 18:06:18,25
2023-04-09 18:11:27,24
2023-04-09 18:16:36,22
2023-04-09 18:21:45,25
2023-04-09 18:26:53,25
2023-04-09 18:32:02,21
2023-04-09 18:37:11,21
2023-04-09 18:42:25,24
2023-04-09 18:47:35,24
2023-04-09 18:52:44,24
2023-04-09 18:57:54,24
2023-04-09 19:03:04,26
2023-04-09 19:08:13,28
2023-04-09 19:13:22,29
2023-04-09 19:18:31,29
2023-04-09 19:23:39,29
2023-04-09 19:28:49,24
2023-04-09 19:33:34,21
2023-04-09 19:38:46,24
2023-04-09 19:43:56,24
2023-04-09 19:49:05,27
2023-04-09 19:54:13,27
2023-04-09 19:59:23,25
2023-04-09 20:04:31,26
2023-04-09 20:09:40,28
2023-04-09 20:14:49,28
2023-04-09 20:19:58,29
2023-04-09 20:25:07,30
2023-04-09 20:30:16,29
2023-04-09 20:35:28,32
2023-04-09 20:40:37,29
2023-04-09 20:45:46,29
2023-04-09 20:50:56,31
2023-04-09 20:56:05,32
2023-04-09 21:01:14,29
2023-04-09 21:06:23,26
2023-04-09 21:11:33,26
2023-04-09 21:16:44,24
2023-04-09 21:21:53,24
2023-04-09 21:27:02,23
2023-04-09 21:32:12,23
2023-04-09 21:37:21,18
2023-04-09 21:42:29,15
2023-04-09 21:47:38,11
2023-04-09 22:39:08,0
2023-04-09 22:44:17,0
2023-04-09 22:49:25,0
2023-04-09 22:54:34,0
2023-04-09 22:59:43,0
2023-04-09 23:04:52,0
2023-04-09 23:10:01,0
2023-04-09 23:15:10,0
2023-04-09 23:20:19,0
2023-04-09 23:25:27,0
2023-04-09 23:30:36,0
2023-04-09 23:35:45,0
2023-04-09 23:40:54,0
2023-04-09 23:46:04,0
2023-04-09 23:51:12,0
2023-04-09 23:56:21,0
2023-04-10 00:01:30,0
2023-04-10 00:06:39,0
2023-04-10 00:11:48,0
2023-04-10 00:16:57,0
2023-04-10 00:22:05,0
2023-04-10 00:27:14,0
2023-04-10 00:32:23,0
2023-04-10 00:37:32,0
2023-04-10 00:42:41,0
2023-04-10 00:47:50,0
2023-04-10 00:52:58,0
2023-04-10 00:58:07,0
2023-04-10 01:03:16,0
2023-04-10 01:08:25,0
2023-04-10 01:13:34,0
2023-04-10 01:18:43,0
2023-04-10 01:23:52,0
2023-04-10 01:29:01,0
2023-04-10 01:34:10,0
2023-04-10 01:39:19,0
2023-04-10 01:44:27,0
2023-04-10 01:49:36,0
2023-04-10 01:54:45,0
2023-04-10 01:59:54,0
2023-04-10 02:05:02,0
2023-04-10 02:10:11,0
2023-04-10 02:15:20,0
2023-04-10 02:20:29,0
2023-04-10 02:25:38,0
2023-04-10 02:30:46,0
2023-04-10 02:35:55,0
2023-04-10 02:41:04,0
2023-04-10 02:46:13,0
2023-04-10 02:51:22,0
2023-04-10 02:56:31,0
2023-04-10 03:01:40,0
2023-04-10 03:06:48,0
2023-04-10 03:11:58,0
2023-04-10 03:17:07,0
2023-04-10 03:22:16,0
2023-04-10 03:27:25,0
2023-04-10 03:32:34,0
2023-04-10 03:37:43,0
2023-04-10 03:42:51,0
2023-04-10 03:48:00,0
2023-04-10 03:53:09,0
2023-04-10 03:58:18,0
2023-04-10 04:03:27,0
2023-04-10 04:08:36,0
2023-04-10 04:13:45,0
2023-04-10 04:18:53,0
2023-04-10 04:24:03,0
2023-04-10 04:29:11,0
2023-04-10 04:34:22,0
2023-04-10 04:39:31,0
2023-04-10 04:44:40,0
2023-04-10 04:49:48,0
2023-04-10 04:54:57,0
2023-04-10 05:00:06,0
2023-04-10 05:05:14,0
2023-04-10 05:10:23,0
2023-04-10 05:15:32,0
2023-04-10 05:20:40,0
2023-04-10 05:25:49,0
2023-04-10 05:30:58,0
2023-04-10 05:36:07,0
2023-04-10 05:41:16,0
2023-04-10 05:46:25,0
2023-04-10 05:51:34,0
2023-04-10 05:56:42,0
2023-04-10 06:01:51,0
2023-04-10 06:07:00,0
2023-04-10 06:12:09,0
2023-04-10 06:17:17,0
2023-04-10 06:22:26,0
2023-04-10 06:27:34,0
2023-04-10 06:32:43,0
2023-04-10 06:37:52,0
2023-04-10 06:43:02,0
2023-04-10 06:48:11,0
2023-04-10 06:53:20,0
2023-04-10 06:58:29,0
2023-04-10 07:03:37,2
2023-04-10 07:08:46,14
2023-04-10 07:13:55,17
2023-04-10 07:19:03,19
2023-04-10 07:24:13,20
2023-04-10 07:29:21,26
2023-04-10 07:34:30,28
2023-04-10 07:39:39,29
2023-04-10 07:44:48,31
2023-04-10 07:49:57,35
2023-04-10 07:55:06,34
2023-04-10 08:00:15,37
2023-04-10 08:05:24,39
2023-04-10 08:10:33,40
2023-04-10 08:15:42,41
2023-04-10 08:20:50,40
2023-04-10 08:25:59,39
2023-04-10 08:31:08,35
2023-04-10 08:36:17,37
2023-04-10 08:41:26,37
2023-04-10 08:46:34,35
2023-04-10 08:51:43,34
2023-04-10 08:56:52,33
2023-04-10 09:02:00,32
2023-04-10 09:07:09,32
2023-04-10 09:12:19,31
2023-04-10 09:17:29,30
2023-04-10 09:22:38,34
2023-04-10 09:27:48,36
2023-04-10 09:32:56,36
2023-04-10 09:38:05,36
2023-04-10 09:43:14,36
2023-04-10 09:48:23,34
2023-04-10 09:53:31,34
2023-04-10 09:58:40,27
2023-04-10 10:03:50,26
2023-04-10 10:08:59,26
2023-04-10 10:14:07,27
2023-04-10 10:19:16,26
2023-04-10 10:24:25,27
2023-04-10 10:29:34,28
2023-04-10 10:34:44,28
2023-04-10 10:39:53,26
2023-04-10 10:45:01,27
2023-04-10 10:50:10,27
2023-04-10 10:55:19,30
2023-04-10 11:00:29,28
2023-04-10 11:05:37,28
2023-04-10 11:10:46,32
2023-04-10 11:15:55,32
2023-04-10 11:21:04,33
2023-04-10 11:26:13,31
2023-04-10 11:31:22,30
2023-04-10 11:36:31,33
2023-04-10 11:41:40,36
2023-04-10 11:46:49,37
2023-04-10 11:51:58,38
2023-04-10 11:57:07,39
2023-04-10 12:02:16,38
2023-04-10 12:07:25,40
2023-04-10 12:12:34,41
2023-04-10 12:17:43,41
2023-04-10 12:22:51,39
2023-04-10 12:28:00,39
2023-04-10 12:38:17,37
2023-04-10 12:43:27,39
2023-04-10 12:48:36,37
2023-04-10 12:53:45,36
2023-04-10 12:58:54,40
2023-04-10 13:04:02,41
2023-04-10 13:09:11,43
2023-04-10 13:14:20,41
2023-04-10 13:19:29,41
2023-04-10 13:24:38,40
2023-04-10 13:29:47,34
2023-04-10 13:34:55,33
2023-04-10 13:40:04,33
2023-04-10 13:45:14,34
2023-04-10 13:55:31,35
2023-04-10 14:00:41,32
2023-04-10 14:05:50,31
2023-04-10 14:10:59,29
2023-04-10 14:16:10,31
2023-04-10 14:21:22,31
2023-04-10 14:26:33,30
2023-04-10 14:31:42,33
2023-04-10 14:36:51,33
2023-04-10 14:42:00,33
2023-04-10 14:47:08,34
2023-04-10 14:52:17,34
2023-04-10 14:57:26,32
2023-04-10 15:02:35,31
2023-04-10 15:07:44,30
2023-04-10 15:12:53,30
2023-04-10 15:18:02,27
2023-04-10 15:23:11,21
2023-04-10 15:28:19,20
2023-04-10 15:33:28,19
2023-04-10 15:38:37,20
2023-04-10 15:43:46,21
2023-04-10 15:48:55,21
2023-04-10 15:54:04,23
2023-04-10 15:59:13,24
2023-04-10 16:04:22,26
2023-04-10 16:09:31,29
2023-04-10 16:14:39,34
2023-04-10 16:19:48,32
2023-04-10 16:24:57,32
2023-04-10 16:30:06,31
2023-04-10 16:35:15,36
2023-04-10 16:40:26,36
2023-04-10 16:45:35,36
2023-04-10 16:50:44,36
2023-04-10 16:55:53,37
2023-04-10 17:01:02,38
2023-04-10 17:06:12,37
2023-04-10 17:11:20,40
2023-04-10 17:16:29,42
2023-04-10 17:21:38,46
2023-04-10 17:26:47,46
2023-04-10 17:31:58,50
2023-04-10 17:37:08,50
2023-04-10 17:42:17,52
2023-04-10 17:47:25,51
2023-04-10 17:52:34,52
2023-04-10 17:57:44,52
2023-04-10 18:02:53,54
2023-04-10 18:08:02,53
2023-04-10 18:13:10,59
2023-04-10 18:18:19,68
2023-04-10 18:23:28,74
2023-04-10 18:28:37,76
2023-04-10 18:33:46,78
2023-04-10 18:38:55,83
2023-04-10 18:44:04,84
2023-04-10 18:49:13,89
2023-04-10 18:54:21,90
2023-04-10 18:59:30,97
2023-04-10 19:04:40,98
2023-04-10 19:09:49,102
2023-04-10 19:14:58,99
2023-04-10 19:20:06,104
2023-04-10 19:25:15,113
2023-04-10 19:30:24,117
2023-04-10 19:35:34,115
2023-04-10 19:40:43,109
2023-04-10 19:45:52,105
2023-04-10 19:51:00,102
2023-04-10 19:56:09,105
2023-04-10 20:01:18,102
2023-04-10 20:06:27,102
2023-04-10 20:11:36,102
2023-04-10 20:16:45,98
2023-04-10 20:21:54,96
2023-04-10 20:27:03,93
2023-04-10 20:32:12,84
2023-04-10 20:42:28,74
2023-04-10 20:47:39,70
2023-04-10 20:52:48,67
2023-04-10 20:57:57,64
2023-04-10 21:03:07,66
2023-04-10 21:08:17,63
2023-04-10 21:13:27,60
2023-04-10 21:18:36,58
2023-04-10 21:23:45,55
2023-04-10 21:28:54,50
2023-04-10 21:34:03,48
2023-04-10 21:39:12,45
2023-04-10 21:44:21,41
2023-04-10 21:49:30,41
2023-04-10 21:54:38,39
2023-04-10 21:59:47,36
2023-04-10 22:04:56,35
2023-04-10 22:10:05,34
2023-04-10 22:15:14,31
2023-04-10 22:20:23,28
2023-04-10 22:25:32,26
2023-04-10 22:30:41,21
2023-04-10 22:35:50,23
2023-04-10 22:40:59,23
2023-04-10 22:46:08,24
2023-04-10 22:51:17,20
2023-04-10 22:56:26,17
2023-04-10 23:01:35,16
2023-04-10 23:06:44,15
2023-04-10 23:11:53,15
2023-04-10 23:17:01,14
2023-04-10 23:22:10,13
2023-04-10 23:27:19,11
2023-04-10 23:32:28,10
2023-04-10 23:37:37,9
2023-04-10 23:42:46,9
2023-04-10 23:47:55,8
2023-04-10 23:53:05,6
2023-04-10 23:58:14,0
2023-04-11 00:03:23,0
2023-04-11 00:08:31,0
2023-04-11 00:13:40,0
2023-04-11 00:18:49,0
2023-04-11 00:23:58,0
2023-04-11 00:29:06,0
2023-04-11 00:34:15,0
2023-04-11 00:39:25,0
2023-04-11 00:44:34,0
2023-04-11 00:49:42,0
2023-04-11 00:54:51,0
2023-04-11 01:00:00,0
2023-04-11 01:05:09,0
2023-04-11 01:10:18,0
2023-04-11 01:15:27,0
2023-04-11 01:25:43,0
2023-04-11 01:30:53,0
2023-04-11 01:36:02,0
2023-04-11 01:41:11,0
2023-04-11 01:46:20,0
2023-04-11 01:51:29,0
2023-04-11 01:56:39,0
2023-04-11 02:01:48,0
2023-04-11 02:06:57,0
2023-04-11 02:12:06,0
2023-04-11 02:17:15,0
2023-04-11 02:22:24,0
2023-04-11 02:27:33,0
2023-04-11 02:32:42,0
2023-04-11 02:37:50,0
2023-04-11 02:42:59,0
2023-04-11 02:48:08,0
2023-04-11 02:53:17,0
2023-04-11 02:58:26,0
2023-04-11 03:03:35,0
2023-04-11 03:08:44,0
2023-04-11 03:13:52,0
2023-04-11 03:19:01,0
2023-04-11 03:24:10,0
2023-04-11 03:29:19,0
2023-04-11 03:34:27,0
2023-04-11 03:39:36,0
2023-04-11 03:44:45,0
2023-04-11 03:49:55,0
2023-04-11 03:55:05,0
2023-04-11 04:00:14,0
2023-04-11 04:05:23,0
2023-04-11 04:10:32,0
2023-04-11 04:15:41,0
2023-04-11 04:20:50,0
2023-04-11 04:25:59,0
2023-04-11 04:31:08,0
2023-04-11 04:36:17,0
2023-04-11 04:41:26,0
2023-04-11 04:46:35,0
2023-04-11 04:51:44,0
2023-04-11 04:56:53,0
2023-04-11 05:02:02,0
2023-04-11 05:07:11,0
2023-04-11 05:12:20,0
2023-04-11 05:17:29,0
2023-04-11 05:22:37,0
2023-04-11 05:27:47,0
2023-04-11 05:32:56,0
2023-04-11 05:38:04,0
2023-04-11 05:43:13,0
2023-04-11 05:48:22,0
2023-04-11 05:53:32,0
2023-04-11 05:58:41,0
2023-04-11 06:03:50,0
2023-04-11 06:08:59,0
2023-04-11 06:14:08,0
2023-04-11 06:19:16,0
2023-04-11 06:24:25,0
2023-04-11 06:29:34,0
2023-04-11 06:34:43,0
2023-04-11 06:39:52,0
2023-04-11 06:45:03,0
2023-04-11 06:50:12,0
2023-04-11 06:55:21,0
2023-04-11 07:00:30,0
2023-04-11 07:05:39,6
2023-04-11 07:10:48,15
2023-04-11 07:15:57,19
2023-04-11 07:21:07,22
2023-04-11 07:26:16,23
2023-04-11 07:31:25,25
2023-04-11 07:36:35,27
2023-04-11 07:41:44,31
2023-04-11 07:46:53,31
2023-04-11 07:52:02,37
2023-04-11 07:57:11,37
2023-04-11 08:02:20,37
2023-04-11 08:07:29,39
2023-04-11 08:12:38,42
2023-04-11 08:17:47,45
2023-04-11 08:22:57,45
2023-04-11 08:28:06,45
2023-04-11 08:33:15,44
2023-04-11 08:38:24,46
2023-04-11 08:43:34,42
2023-04-11 08:48:43,40
2023-04-11 08:53:52,39
2023-04-11 08:59:01,42
2023-04-11 09:04:09,38
2023-04-11 09:09:19,40
2023-04-11 09:14:30,44
2023-04-11 09:19:39,45
2023-04-11 09:24:48,49
2023-04-11 09:29:57,47
2023-04-11 09:35:06,51
2023-04-11 09:40:16,47
2023-04-11 09:45:25,44
2023-04-11 09:50:34,40
2023-04-11 09:55:44,40
2023-04-11 10:00:53,42
2023-04-11 10:06:03,40
2023-04-11 10:11:13,40
2023-04-11 10:16:22,37
2023-04-11 10:21:31,29
2023-04-11 10:26:41,27
2023-04-11 10:31:50,27
2023-04-11 10:37:00,24
2023-04-11 10:42:08,25
2023-04-11 10:47:17,24
2023-04-11 10:52:26,23
2023-04-11 10:57:35,24
2023-04-11 11:02:44,24
2023-04-11 11:13:01,18
2023-04-11 11:18:12,16
2023-04-11 11:23:21,13
2023-04-11 11:28:29,13
2023-04-11 11:33:38,13
2023-04-11 11:38:48,15
2023-04-11 11:43:57,16
2023-04-11 11:49:05,21
2023-04-11 11:54:15,20
2023-04-11 11:59:24,22
2023-04-11 12:04:34,26
2023-04-11 12:09:43,26
2023-04-11 12:14:53,27
2023-04-11 12:20:04,27
2023-04-11 12:25:14,26
2023-04-11 12:30:23,24
2023-04-11 12:35:34,25
2023-04-11 12:40:43,25
2023-04-11 12:45:52,30
2023-04-11 12:51:01,35
2023-04-11 12:56:10,37
2023-04-11 13:01:19,39
2023-04-11 13:06:29,39
2023-04-11 13:11:38,37
2023-04-11 13:16:47,38
2023-04-11 13:21:56,37
2023-04-11 13:27:05,38
2023-04-11 13:32:14,35
2023-04-11 13:37:23,37
2023-04-11 13:42:32,37
2023-04-11 13:47:41,40
2023-04-11 13:52:53,39
2023-04-11 13:58:02,38
2023-04-11 14:03:12,38
2023-04-11 14:08:21,40
2023-04-11 14:13:30,40
2023-04-11 14:18:39,39
2023-04-11 14:23:49,38
2023-04-11 14:28:58,41
2023-04-11 14:34:07,41
2023-04-11 14:39:16,39
2023-04-11 14:44:25,31
2023-04-11 14:49:34,29
2023-04-11 14:54:43,27
2023-04-11 14:59:53,28
2023-04-11 15:05:01,26
2023-04-11 15:10:10,30
2023-04-11 15:15:20,31
2023-04-11 15:20:29,33
2023-04-11 15:25:38,34
2023-04-11 15:30:48,33
2023-04-11 15:35:57,32
2023-04-11 15:41:06,34
2023-04-11 15:46:15,34
2023-04-11 15:51:26,31
2023-04-11 15:56:36,31
2023-04-11 16:01:45,31
2023-04-11 16:06:56,31
2023-04-11 16:12:06,29
2023-04-11 16:17:15,29
2023-04-11 16:22:25,28
2023-04-11 16:27:34,30
2023-04-11 16:32:43,33
2023-04-11 16:37:52,36
2023-04-11 16:43:02,35
2023-04-11 16:48:11,37
2023-04-11 16:53:20,36
2023-04-11 16:58:30,31
2023-04-11 17:03:39,30
2023-04-11 17:08:51,33
2023-04-11 17:14:00,39
2023-04-11 17:19:09,40
2023-04-11 17:24:19,40
2023-04-11 17:29:28,41
2023-04-11 17:34:36,42
2023-04-11 17:39:45,40
2023-04-11 17:44:55,42
2023-04-11 17:50:04,40
2023-04-11 17:55:13,41
2023-04-11 18:00:22,45
2023-04-11 18:05:31,48
2023-04-11 18:10:41,52
2023-04-11 18:15:50,57
2023-04-11 18:20:59,67
2023-04-11 18:26:09,69
2023-04-11 18:31:18,72
2023-04-11 18:36:27,76
2023-04-11 18:41:37,80
2023-04-11 18:46:46,82
2023-04-11 18:51:55,90
2023-04-11 18:57:05,92
2023-04-11 19:02:14,97
2023-04-11 19:07:23,102
2023-04-11 19:12:32,104
2023-04-11 19:17:41,104
2023-04-11 19:22:50,106
2023-04-11 19:28:00,101
2023-04-11 19:33:09,103
2023-04-11 19:38:18,102
2023-04-11 19:43:28,96
2023-04-11 19:48:40,98
2023-04-11 19:53:49,100
2023-04-11 19:58:59,105
2023-04-11 20:04:08,105
2023-04-11 20:09:17,99
2023-04-11 20:14:26,99
2023-04-11 20:19:36,95
2023-04-11 20:24:45,90
2023-04-11 20:29:54,89
2023-04-11 20:40:05,80
2023-04-11 20:45:16,76
2023-04-11 20:50:25,72
2023-04-11 20:55:33,69
2023-04-11 21:00:43,68
2023-04-11 21:05:52,65
2023-04-11 21:11:01,66
2023-04-11 21:16:11,65
2023-04-11 21:21:21,58
2023-04-11 21:26:30,52
2023-04-11 21:31:39,46
2023-04-11 21:36:49,45
2023-04-11 21:41:58,46
2023-04-11 21:47:07,44
2023-04-11 21:52:18,45
2023-04-11 21:57:27,45
2023-04-11 22:02:38,44
2023-04-11 22:07:48,43
2023-04-11 22:12:57,43
2023-04-11 22:18:06,41
2023-04-11 22:23:16,39
2023-04-11 22:28:25,37
2023-04-11 22:33:34,35
2023-04-11 22:38:44,33
2023-04-11 22:43:52,25
2023-04-11 22:49:02,22
2023-04-11 22:54:11,21
2023-04-11 22:59:20,20
2023-04-11 23:04:30,17
2023-04-11 23:09:39,14
2023-04-11 23:14:49,11
2023-04-11 23:19:59,13
2023-04-11 23:25:08,12
2023-04-11 23:30:17,12
2023-04-11 23:35:27,10
2023-04-11 23:40:36,9
2023-04-11 23:45:45,5
2023-04-11 23:50:54,4
2023-04-11 23:56:04,2
2023-04-12 00:01:16,0
2023-04-12 00:06:27,0
2023-04-12 00:11:37,0
2023-04-12 00:16:46,0
2023-04-12 00:21:56,0
2023-04-12 00:27:05,0
2023-04-12 00:32:14,0
2023-04-12 00:37:23,0
2023-04-12 00:42:33,0
2023-04-12 00:47:42,0
2023-04-12 00:52:51,0
2023-04-12 00:58:00,0
2023-04-12 01:03:10,0
2023-04-12 01:08:20,0
2023-04-12 01:13:29,0
2023-04-12 01:18:39,0
2023-04-12 01:23:48,0
2023-04-12 01:28:57,0
2023-04-12 01:34:06,0
2023-04-12 01:39:16,0
2023-04-12 01:44:25,0
2023-04-12 01:49:34,0
2023-04-12 01:54:43,0
2023-04-12 01:59:52,0
2023-04-12 02:05:02,0
2023-04-12 02:10:11,0
2023-04-12 02:15:20,0
2023-04-12 02:20:29,0
2023-04-12 02:25:38,0
2023-04-12 02:30:48,0
2023-04-12 02:35:57,0
2023-04-12 02:41:06,0
2023-04-12 02:46:15,0
2023-04-12 02:51:24,0
2023-04-12 02:56:34,0
2023-04-12 03:01:43,0
2023-04-12 03:06:52,0
2023-04-12 03:12:01,0
2023-04-12 03:17:10,0
2023-04-12 03:22:20,0
2023-04-12 03:27:29,0
2023-04-12 03:32:38,0
2023-04-12 03:37:47,0
2023-04-12 03:47:58,0
2023-04-12 03:53:08,0
2023-04-12 03:58:17,0
2023-04-12 04:03:26,0
2023-04-12 04:08:35,0
2023-04-12 04:13:44,0
2023-04-12 04:18:53,0
2023-04-12 04:24:02,0
2023-04-12 04:29:11,0
2023-04-12 04:34:21,0
2023-04-12 04:39:30,0
2023-04-12 04:44:39,0
2023-04-12 04:49:48,0
2023-04-12 04:54:57,0
2023-04-12 05:00:06,0
2023-04-12 05:05:15,0
2023-04-12 05:10:24,0
2023-04-12 08:26:12,0
2023-04-12 08:31:22,4
2023-04-12 08:36:31,20
2023-04-12 08:41:40,24
2023-04-12 08:46:50,25
2023-04-12 08:52:00,23
2023-04-12 08:57:10,23
2023-04-12 09:02:19,20
2023-04-12 09:07:28,18
2023-04-12 09:12:37,17
2023-04-12 09:17:46,16
2023-04-12 09:22:56,15
2023-04-12 09:28:06,17
2023-04-12 09:33:16,18
2023-04-12 09:38:25,20
2023-04-12 09:43:34,23
2023-04-12 09:48:43,22
2023-04-12 09:53:52,23
2023-04-12 09:59:01,21
2023-04-12 10:04:11,20
2023-04-12 10:09:20,21
2023-04-12 10:14:29,19
2023-04-12 10:19:38,17
2023-04-12 10:24:48,17
2023-04-12 10:29:57,18
2023-04-12 10:35:06,19
2023-04-12 10:40:15,18
2023-04-12 10:45:24,19
2023-04-12 10:50:34,20
2023-04-12 10:55:43,19
2023-04-12 11:00:52,20
2023-04-12 11:06:02,20
2023-04-12 11:11:11,19
2023-04-12 11:16:20,19
2023-04-12 11:21:29,20
2023-04-12 11:26:38,19
2023-04-12 11:31:47,19
2023-04-12 11:36:57,20
2023-04-12 11:42:06,18
2023-04-12 11:47:15,17
2023-04-12 11:52:24,18
2023-04-12 11:57:34,19
2023-04-12 12:02:43,21
2023-04-12 12:07:52,22
2023-04-12 12:13:01,23
2023-04-12 12:18:10,22
2023-04-12 12:23:19,22
2023-04-12 12:28:29,24
2023-04-12 12:33:38,26
2023-04-12 12:38:47,26
2023-04-12 12:43:57,27
2023-04-12 12:49:06,29
2023-04-12 12:54:16,30
2023-04-12 12:59:25,31
2023-04-12 13:04:34,33
2023-04-12 13:09:43,35
2023-04-12 13:14:53,36
2023-04-12 13:20:02,36
2023-04-12 13:25:11,36
2023-04-12 13:30:20,35
2023-04-12 13:35:30,35
2023-04-12 13:40:39,36
2023-04-12 13:45:49,36
2023-04-12 13:50:59,35
2023-04-12 13:56:08,35
2023-04-12 14:01:18,33
2023-04-12 14:06:27,31
2023-04-12 14:11:37,30
2023-04-12 14:16:46,30
2023-04-12 14:21:55,27
2023-04-12 14:27:05,25
2023-04-12 14:32:14,24
2023-04-12 14:37:23,25
2023-04-12 14:42:34,26
2023-04-12 14:47:44,27
2023-04-12 14:52:53,27
2023-04-12 14:58:02,26
2023-04-12 15:03:11,27
2023-04-12 15:08:21,28
2023-04-12 15:13:30,27
2023-04-12 15:18:39,29
2023-04-12 15:23:48,31
2023-04-12 15:28:57,27
2023-04-12 15:34:07,28
2023-04-12 15:39:16,25
2023-04-12 15:44:26,23
2023-04-12 15:49:35,22
2023-04-12 15:54:44,22
2023-04-12 15:59:54,23
2023-04-12 16:05:03,24
2023-04-12 16:10:12,24
2023-04-12 16:15:22,22
2023-04-12 16:20:31,22
2023-04-12 16:25:40,23
2023-04-12 16:30:50,24
2023-04-12 16:36:01,25
2023-04-12 16:41:11,26
2023-04-12 16:46:20,26
2023-04-12 16:51:30,23
2023-04-12 16:56:39,23
2023-04-12 17:01:48,30
2023-04-12 17:06:58,33
2023-04-12 17:12:07,37
2023-04-12 17:17:17,39
2023-04-12 17:22:26,36
2023-04-12 17:27:35,42
2023-04-12 17:32:44,47
2023-04-12 17:37:54,49
2023-04-12 17:43:03,49
2023-04-12 17:48:12,53
2023-04-12 17:53:22,53
2023-04-12 17:58:31,55
2023-04-12 18:03:40,56
2023-04-12 18:08:49,61
2023-04-12 18:13:59,71
2023-04-12 18:19:08,79
2023-04-12 18:24:18,84
2023-04-12 18:29:28,86
2023-04-12 18:34:37,89
2023-04-12 18:39:46,91
2023-04-12 18:44:56,84
2023-04-12 18:50:05,88
2023-04-12 18:55:14,90
2023-04-12 19:00:23,92
2023-04-12 19:05:33,100
2023-04-12 19:10:42,105
2023-04-12 19:15:51,112
2023-04-12 19:21:00,113
2023-04-12 19:26:09,112
2023-04-12 19:31:18,109
2023-04-12 19:36:28,107
2023-04-12 19:41:37,104
2023-04-12 19:46:46,103
2023-04-12 19:51:56,97
2023-04-12 19:57:05,96
2023-04-12 20:02:15,98
2023-04-12 20:07:24,98
2023-04-12 20:12:34,99
2023-04-12 20:17:44,102
2023-04-12 20:22:53,95
2023-04-12 20:28:03,94
2023-04-12 20:33:13,93
2023-04-12 20:38:22,89
2023-04-12 20:43:32,87
2023-04-12 20:48:41,79
2023-04-12 20:53:50,77
2023-04-12 20:58:59,74
2023-04-12 21:04:08,70
2023-04-12 21:09:18,66
2023-04-12 21:14:27,66
2023-04-12 21:19:36,69
2023-04-12 21:24:45,70
2023-04-12 21:29:55,68
2023-04-12 21:35:04,62
2023-04-12 21:40:13,61
2023-04-12 21:45:23,61
2023-04-12 21:50:32,59
2023-04-12 21:55:41,57
2023-04-12 22:00:51,52
2023-04-12 22:06:01,51
2023-04-12 22:11:10,50
2023-04-12 22:16:20,48
2023-04-12 22:21:29,47
2023-04-12 22:26:38,45
2023-04-12 22:31:48,43
2023-04-12 22:36:57,43
2023-04-12 22:42:06,39
2023-04-12 22:47:15,35
2023-04-12 22:52:24,31
2023-04-12 22:57:34,31
2023-04-12 23:02:43,32
2023-04-12 23:07:52,28
2023-04-12 23:13:02,27
2023-04-12 23:18:11,26
2023-04-12 23:23:20,26
2023-04-12 23:28:29,20
2023-04-12 23:33:39,17
2023-04-12 23:38:48,16
2023-04-12 23:43:57,14
2023-04-12 23:49:07,12
2023-04-12 23:54:16,7
2023-04-12 23:59:26,1
2023-04-13 00:04:35,1
2023-04-13 00:09:44,0
2023-04-13 00:14:53,0
2023-04-13 00:20:03,0
2023-04-13 00:25:12,0
2023-04-13 00:30:21,0
2023-04-13 00:35:31,0
2023-04-13 00:40:40,0
2023-04-13 00:45:49,0
2023-04-13 00:50:58,0
2023-04-13 00:56:07,0
2023-04-13 01:01:16,0
2023-04-13 01:06:25,0
2023-04-13 01:11:34,0
2023-04-13 01:16:44,0
2023-04-13 01:21:53,0
2023-04-13 01:27:02,0
2023-04-13 01:32:11,0
2023-04-13 01:37:20,0
2023-04-13 01:42:30,0
2023-04-13 01:47:39,0
2023-04-13 01:52:48,0
2023-04-13 01:57:58,0
2023-04-13 02:03:08,0
2023-04-13 02:08:17,0
2023-04-13 02:13:26,0
2023-04-13 02:18:35,0
2023-04-13 02:23:45,0
2023-04-13 02:28:54,0
2023-04-13 02:34:03,0
2023-04-13 02:39:12,0
2023-04-13 02:44:21,0
2023-04-13 02:49:50,0
2023-04-13 02:54:59,0
2023-04-13 03:00:08,0
2023-04-13 03:05:17,0
2023-04-13 03:10:26,0
2023-04-13 03:15:35,0
2023-04-13 03:20:44,0
2023-04-13 03:25:53,0
2023-04-13 03:31:02,0
2023-04-13 03:36:11,0
2023-04-13 03:41:21,0
2023-04-13 03:46:30,0
2023-04-13 03:51:38,0
2023-04-13 03:56:47,0
2023-04-13 04:01:56,0
2023-04-13 04:07:05,0
2023-04-13 04:12:14,0
2023-04-13 04:17:23,0
2023-04-13 04:22:32,0
2023-04-13 04:27:41,0
2023-04-13 04:32:50,0
2023-04-13 04:37:59,0
2023-04-13 04:43:08,0
2023-04-13 04:48:17,0
2023-04-13 04:53:26,0
2023-04-13 04:58:35,0
2023-04-13 05:03:44,0
2023-04-13 05:08:53,0
2023-04-13 05:14:02,0
2023-04-13 05:19:11,0
2023-04-13 05:24:21,0
2023-04-13 05:29:30,0
2023-04-13 05:34:39,0
2023-04-13 05:39:48,0
2023-04-13 05:44:57,0
2023-04-13 05:50:06,0
2023-04-13 05:55:15,0
2023-04-13 06:00:24,0
2023-04-13 06:05:33,0
2023-04-13 06:10:42,0
2023-04-13 06:15:51,0
2023-04-13 06:21:02,0
2023-04-13 06:26:13,0
2023-04-13 06:31:23,0
2023-04-13 06:36:32,0
2023-04-13 06:41:41,0
2023-04-13 06:46:50,0
2023-04-13 06:51:59,0
2023-04-13 06:57:08,0
2023-04-13 07:02:17,8
2023-04-13 07:07:26,18
2023-04-13 07:12:35,19
2023-04-13 07:17:44,19
2023-04-13 07:22:53,20
2023-04-13 07:28:02,21
2023-04-13 07:33:11,21
2023-04-13 07:38:20,22
2023-04-13 07:43:29,23
2023-04-13 07:48:38,24
2023-04-13 07:53:47,24
2023-04-13 07:58:56,25
2023-04-13 08:04:05,24
2023-04-13 08:09:14,25
2023-04-13 08:14:23,30
2023-04-13 08:19:32,33
2023-04-13 08:24:41,40
2023-04-13 08:29:50,39
2023-04-13 08:34:59,40
2023-04-13 08:40:08,40
2023-04-13 08:45:18,39
2023-04-13 08:50:27,43
2023-04-13 08:55:36,43
2023-04-13 09:00:45,44
2023-04-13 09:05:54,42
2023-04-13 09:11:03,46
2023-04-13 09:16:12,47
2023-04-13 09:21:23,46
2023-04-13 09:26:34,44
2023-04-13 09:31:43,43
2023-04-13 09:36:52,41
2023-04-13 09:42:01,41
2023-04-13 09:47:10,37
2023-04-13 09:52:21,36
2023-04-13 09:57:31,35
2023-04-13 10:02:40,28
2023-04-13 10:07:49,25
2023-04-13 10:12:58,24
2023-04-13 10:18:07,22
2023-04-13 10:23:16,20
2023-04-13 10:28:27,21
2023-04-13 10:33:36,21
2023-04-13 10:38:45,23
2023-04-13 10:43:54,22
2023-04-13 10:49:03,22
2023-04-13 10:54:13,23
2023-04-13 10:59:22,26
2023-04-13 11:04:31,28
2023-04-13 11:09:40,29
2023-04-13 11:14:49,30
2023-04-13 11:19:58,29
2023-04-13 11:25:07,28
2023-04-13 11:30:16,29
2023-04-13 11:35:26,30
2023-04-13 11:40:35,32
2023-04-13 11:45:44,33
2023-04-13 11:50:52,36
2023-04-13 11:56:02,40
2023-04-13 12:01:11,45
2023-04-13 12:06:20,49
2023-04-13 12:11:29,51
2023-04-13 12:16:38,48
2023-04-13 12:21:47,48
2023-04-13 12:26:56,52
2023-04-13 12:32:06,51
2023-04-13 12:37:15,49
2023-04-13 12:42:25,49
2023-04-13 12:47:34,53
2023-04-13 12:52:43,51
2023-04-13 12:57:52,46
2023-04-13 13:03:02,49
2023-04-13 13:08:11,50
2023-04-13 13:13:20,52
2023-04-13 13:18:29,52
2023-04-13 13:23:39,51
2023-04-13 13:28:48,52
2023-04-13 13:33:57,52
2023-04-13 13:39:06,51
2023-04-13 13:44:16,50
2023-04-13 13:49:25,54
2023-04-13 13:54:34,54
2023-04-13 13:59:43,54
2023-04-13 14:04:52,51
2023-04-13 14:10:01,51
2023-04-13 14:15:10,50
2023-04-13 14:20:19,49
2023-04-13 14:25:28,46
2023-04-13 14:30:38,44
2023-04-13 14:35:47,44
2023-04-13 14:40:56,42
2023-04-13 14:46:05,42
2023-04-13 14:51:14,42
2023-04-13 14:56:23,43
2023-04-13 15:01:32,44
2023-04-13 15:06:42,44
2023-04-13 15:11:52,44
2023-04-13 15:17:01,44
2023-04-13 15:22:10,44
2023-04-13 15:27:19,44
2023-04-13 15:32:28,42
2023-04-13 15:37:37,40
2023-04-13 15:42:46,36
2023-04-13 15:47:55,30
2023-04-13 15:53:04,30
2023-04-13 15:58:13,31
2023-04-13 16:03:22,31
2023-04-13 16:08:31,31
2023-04-13 16:13:40,32
2023-04-13 16:18:49,35
2023-04-13 16:23:59,33
2023-04-13 16:29:08,33
2023-04-13 16:34:17,35
2023-04-13 16:39:27,38
2023-04-13 16:44:36,38
2023-04-13 16:49:46,38
2023-04-13 16:54:55,31
2023-04-13 17:00:04,29
2023-04-13 17:05:13,30
2023-04-13 17:10:22,34
2023-04-13 17:15:32,36
2023-04-13 17:20:41,37
2023-04-13 17:25:51,34
2023-04-13 17:31:00,35
2023-04-13 17:36:09,35
2023-04-13 17:41:18,37
2023-04-13 17:46:27,42
2023-04-13 17:51:36,45
2023-04-13 17:56:45,48
2023-04-13 18:01:54,49
2023-04-13 18:07:03,52
2023-04-13 18:12:12,58
2023-04-13 18:17:22,67
2023-04-13 18:22:31,77
2023-04-13 18:27:40,76
2023-04-13 18:32:50,79
2023-04-13 18:37:59,80
2023-04-13 18:43:07,85
2023-04-13 18:48:16,93
2023-04-13 18:53:25,98
2023-04-13 18:58:34,101
2023-04-13 19:03:43,102
2023-04-13 19:08:53,101
2023-04-13 19:14:02,97
2023-04-13 19:19:11,97
2023-04-13 19:24:20,99
2023-04-13 19:29:29,97
2023-04-13 19:34:39,100
2023-04-13 19:39:48,96
2023-04-13 19:44:57,92
2023-04-13 19:50:06,89
2023-04-13 19:55:15,93
2023-04-13 20:00:24,94
2023-04-13 20:05:33,94
2023-04-13 20:10:42,93
2023-04-13 20:15:51,84
2023-04-13 20:21:00,82
2023-04-13 20:26:10,81
2023-04-13 20:31:20,84
2023-04-13 20:36:29,85
2023-04-13 20:41:38,74
2023-04-13 20:46:47,69
2023-04-13 20:51:57,68
2023-04-13 20:57:06,66
2023-04-13 21:02:15,62
2023-04-13 21:07:24,60
2023-04-13 21:12:33,61
2023-04-13 21:17:42,60
2023-04-13 21:22:52,59
2023-04-13 21:28:01,61
2023-04-13 21:33:10,62
2023-04-13 21:38:19,60
2023-04-13 21:43:28,58
2023-04-13 21:48:38,54
2023-04-13 21:53:47,46
2023-04-13 21:58:56,44
2023-04-13 22:04:05,42
2023-04-13 22:09:14,40
2023-04-13 22:14:24,38
2023-04-13 22:19:33,38
2023-04-13 22:24:42,38
2023-04-13 22:29:52,33
2023-04-13 22:35:01,33
2023-04-13 22:40:11,32
2023-04-13 22:45:20,32
2023-04-13 22:50:29,32
2023-04-13 22:55:38,29
2023-04-13 23:00:47,27
2023-04-13 23:05:56,26
2023-04-13 23:11:06,20
2023-04-13 23:16:15,22
2023-04-13 23:21:24,18
2023-04-13 23:26:34,17
2023-04-13 23:31:43,17
2023-04-13 23:36:52,16
2023-04-13 23:42:00,15
2023-04-13 23:47:09,10
2023-04-13 23:52:18,10
2023-04-13 23:57:27,2
2023-04-14 00:02:36,0
2023-04-14 00:07:45,0
2023-04-14 00:12:55,0
2023-04-14 00:18:04,0
2023-04-14 00:23:13,0
2023-04-14 00:28:22,0
2023-04-14 00:33:31,0
2023-04-14 00:38:40,0
2023-04-14 00:43:49,0
2023-04-14 00:48:58,0
2023-04-14 00:54:08,0
2023-04-14 00:59:17,0
2023-04-14 01:04:26,0
2023-04-14 01:09:35,0
2023-04-14 01:14:44,0
2023-04-14 01:19:53,0
2023-04-14 01:25:02,0
2023-04-14 01:30:12,0
2023-04-14 01:35:21,0
2023-04-14 01:40:30,0
2023-04-14 01:45:39,0
2023-04-14 01:50:48,0
2023-04-14 01:55:57,0
2023-04-14 02:01:06,0
2023-04-14 02:06:15,0
2023-04-14 02:11:24,0
2023-04-14 02:16:33,0
2023-04-14 02:21:42,0
2023-04-14 02:26:51,0
2023-04-14 02:32:00,0
2023-04-14 02:37:09,0
2023-04-14 02:42:19,0
2023-04-14 02:47:28,0
2023-04-14 02:52:36,0
2023-04-14 02:57:45,0
2023-04-14 03:02:54,0
2023-04-14 03:08:04,0
2023-04-14 03:13:13,0
2023-04-14 03:18:22,0
2023-04-14 03:23:32,0
2023-04-14 03:28:41,0
2023-04-14 03:33:50,0
2023-04-14 03:39:00,0
2023-04-14 03:44:09,0
2023-04-14 03:49:18,0
2023-04-14 03:54:26,0
2023-04-14 03:59:36,0
2023-04-14 04:04:44,0
2023-04-14 04:09:53,0
2023-04-14 04:15:03,0
2023-04-14 04:20:12,0
2023-04-14 04:25:21,0
2023-04-14 04:30:30,0
2023-04-14 04:35:39,0
2023-04-14 04:40:48,0
2023-04-14 04:45:57,0
2023-04-14 04:51:06,0
2023-04-14 04:56:16,0
2023-04-14 05:01:24,0
2023-04-14 05:06:34,0
2023-04-14 05:11:43,0
2023-04-14 05:16:52,0
2023-04-14 05:22:01,0
2023-04-14 05:27:10,0
2023-04-14 05:32:19,0
2023-04-14 05:37:28,0
2023-04-14 05:42:37,0
2023-04-14 05:47:46,0
2023-04-14 05:52:55,0
2023-04-14 05:58:04,0
2023-04-14 06:03:13,0
2023-04-14 06:08:22,0
2023-04-14 06:13:31,0
2023-04-14 06:18:40,0
2023-04-14 06:23:50,0
2023-04-14 06:28:59,0
2023-04-14 06:34:08,0
2023-04-14 06:39:17,0
2023-04-14 06:44:26,0
2023-04-14 06:49:35,0
2023-04-14 06:54:44,0
2023-04-14 06:59:53,0
2023-04-14 07:05:01,12
2023-04-14 07:10:10,15
2023-04-14 07:15:19,19
2023-04-14 07:20:28,21
2023-04-14 07:25:38,21
2023-04-14 07:30:47,24
2023-04-14 07:35:56,26
2023-04-14 07:41:05,26
2023-04-14 07:46:14,27
2023-04-14 07:51:23,31
2023-04-14 07:56:32,32
2023-04-14 08:01:41,33
2023-04-14 08:06:50,36
2023-04-14 08:12:02,39
2023-04-14 08:17:12,37
2023-04-14 08:22:22,35
2023-04-14 08:27:31,36
2023-04-14 08:37:48,33
2023-04-14 08:42:59,35
2023-04-14 08:53:16,33
2023-04-14 09:03:34,37
2023-04-14 09:08:45,37
2023-04-14 09:13:54,37
2023-04-14 09:19:05,38
2023-04-14 09:24:15,41
2023-04-14 09:29:24,42
2023-04-14 09:34:33,42
2023-04-14 09:39:43,42
2023-04-14 09:44:52,40
2023-04-14 09:50:01,38
2023-04-14 09:55:10,39
2023-04-14 10:00:19,36
2023-04-14 10:05:28,34
2023-04-14 10:10:38,35
2023-04-14 10:15:46,33
2023-04-14 10:20:56,35
2023-04-14 10:26:07,32
2023-04-14 10:31:16,32
2023-04-14 10:36:26,32
2023-04-14 10:41:35,31
2023-04-14 10:46:44,27
2023-04-14 10:51:54,30
2023-04-14 10:57:04,31
2023-04-14 11:02:14,31
2023-04-14 11:07:23,30
2023-04-14 11:12:32,28
2023-04-14 11:17:41,26
2023-04-14 11:22:50,25
2023-04-14 11:28:00,25
2023-04-14 11:33:09,29
2023-04-14 11:38:18,29
2023-04-14 11:43:27,32
2023-04-14 11:48:37,35
2023-04-14 11:53:46,38
2023-04-14 11:58:55,36
2023-04-14 12:04:04,36
2023-04-14 12:09:13,39
2023-04-14 12:14:23,39
2023-04-14 12:19:32,39
2023-04-14 12:24:41,37
2023-04-14 12:29:50,39
2023-04-14 12:35:00,37
2023-04-14 12:40:09,39
2023-04-14 12:45:18,39
2023-04-14 12:50:27,38
2023-04-14 12:55:36,40
2023-04-14 13:00:45,41
2023-04-14 13:05:54,42
2023-04-14 13:11:03,43
2023-04-14 13:16:12,42
2023-04-14 13:21:22,41
2023-04-14 13:26:31,39
2023-04-14 13:31:40,39
2023-04-14 13:36:49,36
2023-04-14 13:41:58,39
2023-04-14 13:47:07,41
2023-04-14 13:52:17,42
2023-04-14 13:57:26,41
2023-04-14 14:02:35,39
2023-04-14 14:07:44,37
2023-04-14 14:12:53,35
2023-04-14 14:18:02,33
2023-04-14 14:23:11,33
2023-04-14 14:28:20,29
2023-04-14 14:38:37,30
2023-04-14 14:43:48,28
2023-04-14 14:48:59,28
2023-04-14 14:54:08,30
2023-04-14 14:59:18,30
2023-04-14 15:04:27,28
2023-04-14 15:09:36,29
2023-04-14 15:14:45,28
2023-04-14 15:19:55,33
2023-04-14 15:25:04,33
2023-04-14 15:30:13,32
2023-04-14 15:35:23,32
2023-04-14 15:40:33,33
2023-04-14 15:45:42,35
2023-04-14 15:50:51,34
2023-04-14 15:56:00,38
2023-04-14 16:01:10,43
2023-04-14 16:06:19,43
2023-04-14 16:11:28,44
2023-04-14 16:16:37,44
2023-04-14 16:21:47,43
2023-04-14 16:26:57,42
2023-04-14 16:32:06,42
2023-04-14 16:37:15,42
2023-04-14 16:52:25,46
2023-04-14 16:57:41,51
2023-04-14 17:02:50,48
2023-04-14 17:09:35,51
2023-04-14 17:14:44,54
2023-04-14 17:19:54,60
2023-04-14 17:25:03,62
2023-04-14 17:30:12,63
2023-04-14 17:35:21,62
2023-04-14 17:40:30,62
2023-04-14 17:45:39,62
2023-04-14 17:50:48,64
2023-04-14 17:55:58,64
2023-04-14 18:01:07,65
2023-04-14 18:06:16,69
2023-04-14 18:11:26,73
2023-04-14 18:16:35,71
2023-04-14 18:21:44,74
2023-04-14 18:26:54,76
2023-04-14 18:32:04,77
2023-04-14 18:37:13,72
2023-04-14 18:42:22,68
2023-04-14 18:47:31,69
2023-04-14 18:52:40,67
2023-04-14 18:57:50,68
2023-04-14 19:02:59,70
2023-04-14 19:08:08,72
2023-04-14 19:13:17,70
2023-04-14 19:18:27,74
2023-04-14 19:23:36,71
2023-04-14 19:28:45,68
2023-04-14 19:33:54,70
2023-04-14 19:39:03,69
2023-04-14 19:44:12,68
2023-04-14 19:49:22,67
2023-04-14 19:54:31,64
2023-04-14 19:59:40,60
2023-04-14 20:04:49,66
2023-04-14 20:09:58,62
2023-04-14 20:15:07,65
2023-04-14 20:20:16,60
2023-04-14 20:25:25,59
2023-04-14 20:30:34,58
2023-04-14 20:35:44,55
2023-04-14 20:40:53,51
2023-04-14 20:46:02,49
2023-04-14 20:51:11,51
2023-04-14 20:56:20,55
2023-04-14 21:01:30,51
2023-04-14 21:06:39,51
2023-04-14 21:11:48,49
2023-04-14 21:16:57,48
2023-04-14 21:22:06,47
2023-04-14 21:27:15,46
2023-04-14 21:32:24,46
2023-04-14 21:37:34,45
2023-04-14 21:42:43,43
2023-04-14 21:47:52,42
2023-04-14 21:53:01,39
2023-04-14 21:58:10,38
2023-04-14 22:03:20,36
2023-04-14 22:08:29,32
2023-04-14 22:13:38,32
2023-04-14 22:18:47,28
2023-04-14 22:23:56,25
2023-04-14 22:29:05,24
2023-04-14 22:34:15,26
2023-04-14 22:39:25,26
2023-04-14 22:44:35,24
2023-04-14 22:49:44,24
2023-04-14 22:54:53,22
2023-04-14 23:00:02,22
2023-04-14 23:05:11,20
2023-04-14 23:10:20,16
2023-04-14 23:15:29,13
2023-04-14 23:20:38,13
2023-04-14 23:25:48,12
2023-04-14 23:30:57,10
2023-04-14 23:36:06,8
2023-04-14 23:41:15,7
2023-04-14 23:46:24,2
2023-04-14 23:51:33,1
2023-04-14 23:56:43,0
2023-04-15 00:01:52,0
2023-04-15 00:07:01,0
2023-04-15 00:12:10,0
2023-04-15 00:17:19,0
2023-04-15 00:22:27,0
2023-04-15 00:27:36,0
2023-04-15 00:32:46,0
2023-04-15 00:37:55,0
2023-04-15 00:43:04,0
2023-04-15 00:48:13,0
2023-04-15 00:53:22,0
2023-04-15 00:58:31,0
2023-04-15 01:03:40,0
2023-04-15 01:08:49,0
2023-04-15 01:13:58,0
2023-04-15 01:19:07,0
2023-04-15 01:24:17,0
2023-04-15 01:29:26,0
2023-04-15 01:34:35,0
2023-04-15 01:39:44,0
2023-04-15 01:44:53,0
2023-04-15 01:50:02,0
2023-04-15 01:55:11,0
2023-04-15 02:00:20,0
2023-04-15 02:05:29,0
2023-04-15 02:10:38,0
2023-04-15 02:15:47,0
2023-04-15 02:20:56,0
2023-04-15 02:26:05,0
2023-04-15 02:31:14,0
2023-04-15 02:36:23,0
2023-04-15 02:41:32,0
2023-04-15 02:46:41,0
2023-04-15 02:51:50,0
2023-04-15 02:57:00,0
2023-04-15 03:02:09,0
2023-04-15 03:07:18,0
2023-04-15 03:12:27,0
2023-04-15 03:17:36,0
2023-04-15 03:22:46,0
2023-04-15 03:27:55,0
2023-04-15 03:33:04,0
2023-04-15 03:38:13,0
2023-04-15 03:43:22,0
2023-04-15 03:48:31,0
2023-04-15 03:53:40,0
2023-04-15 03:58:49,0
2023-04-15 04:03:58,0
2023-04-15 04:09:07,0
2023-04-15 04:14:16,0
2023-04-15 04:19:25,0
2023-04-15 04:24:34,0
2023-04-15 04:29:43,0
2023-04-15 04:34:52,0
2023-04-15 04:40:01,0
2023-04-15 04:45:10,0
2023-04-15 04:50:19,0
2023-04-15 04:55:28,0
2023-04-15 05:00:37,0
2023-04-15 05:05:46,0
2023-04-15 05:10:55,0
2023-04-15 05:16:06,0
2023-04-15 05:21:16,0
2023-04-15 05:26:26,0
2023-04-15 05:31:35,0
2023-04-15 05:36:44,0
2023-04-15 05:41:53,0
2023-04-15 05:47:02,0
2023-04-15 05:52:11,0
2023-04-15 05:57:20,0
2023-04-15 06:02:29,0
2023-04-15 06:07:38,0
2023-04-15 06:12:47,0
2023-04-15 06:17:55,0
2023-04-15 06:23:04,0
2023-04-15 06:28:13,0
2023-04-15 06:33:23,0
2023-04-15 06:38:32,0
2023-04-15 06:43:41,0
2023-04-15 06:48:50,0
2023-04-15 06:53:59,0
2023-04-15 06:59:08,0
2023-04-15 07:04:17,0
2023-04-15 07:09:26,0
2023-04-15 07:14:35,0
2023-04-15 07:19:44,0
2023-04-15 07:24:53,0
2023-04-15 07:30:03,0
2023-04-15 07:35:12,0
2023-04-15 07:40:21,0
2023-04-15 07:45:30,0
2023-04-15 07:50:39,0
2023-04-15 07:55:48,0
2023-04-15 08:00:57,0
2023-04-15 08:06:06,0
2023-04-15 08:11:15,0
2023-04-15 08:16:25,0
2023-04-15 08:21:34,0
2023-04-15 08:26:42,0
2023-04-15 08:31:51,0
2023-04-15 08:37:00,0
2023-04-15 08:42:09,0
2023-04-15 08:47:18,0
2023-04-15 08:52:27,0
2023-04-15 08:57:36,0
2023-04-15 09:02:45,5
2023-04-15 09:07:55,11
2023-04-15 09:13:04,11
2023-04-15 09:18:13,11
2023-04-15 09:23:22,11
2023-04-15 09:28:31,11
2023-04-15 09:38:48,13
2023-04-15 09:43:59,14
2023-04-15 09:49:08,16
2023-04-15 09:54:18,18
2023-04-15 09:59:27,20
2023-04-15 10:04:36,20
2023-04-15 10:09:45,22
2023-04-15 10:14:54,21
2023-04-15 10:20:03,20
2023-04-15 10:25:12,18
2023-04-15 10:30:21,20
2023-04-15 10:35:31,20
2023-04-15 10:40:40,20
2023-04-15 10:45:50,20
2023-04-15 10:50:58,20
2023-04-15 10:56:08,20
2023-04-15 11:01:17,23
2023-04-15 11:06:27,22
2023-04-15 11:11:36,22
2023-04-15 11:16:45,24
2023-04-15 11:21:54,26
2023-04-15 11:27:03,27
2023-04-15 11:32:13,27
2023-04-15 11:37:22,28
2023-04-15 11:42:31,33
2023-04-15 11:47:40,35
2023-04-15 11:52:49,42
2023-04-15 11:57:58,46
2023-04-15 12:03:07,45
2023-04-15 12:08:16,49
2023-04-15 12:13:25,49
2023-04-15 12:18:35,48
2023-04-15 12:23:44,50
2023-04-15 12:28:53,50
2023-04-15 12:34:02,50
2023-04-15 12:39:10,53
2023-04-15 12:44:19,51
2023-04-15 12:49:28,51
2023-04-15 12:54:37,51
2023-04-15 12:59:46,52
2023-04-15 13:04:55,51
2023-04-15 13:10:04,51
2023-04-15 13:15:13,51
2023-04-15 13:20:23,49
2023-04-15 13:25:32,46
2023-04-15 13:30:41,45
2023-04-15 13:35:50,46
2023-04-15 13:41:00,45
2023-04-15 13:46:08,44
2023-04-15 13:51:18,42
2023-04-15 13:56:27,42
2023-04-15 14:01:36,40
2023-04-15 14:06:45,37
2023-04-15 14:11:54,35
2023-04-15 14:17:03,34
2023-04-15 14:22:12,33
2023-04-15 14:27:21,35
2023-04-15 14:32:30,35
2023-04-15 14:37:39,34
2023-04-15 14:42:48,33
2023-04-15 14:47:57,31
2023-04-15 14:53:06,32
2023-04-15 14:58:15,32
2023-04-15 15:08:33,33
2023-04-15 15:13:44,33
2023-04-15 15:18:52,30
2023-04-15 15:24:02,30
2023-04-15 15:39:28,26
2023-04-15 15:44:39,26
2023-04-15 15:49:48,24
2023-04-15 15:54:57,24
2023-04-15 16:00:05,24
2023-04-15 16:05:14,25
2023-04-15 16:10:23,23
2023-04-15 16:15:32,23
2023-04-15 16:20:41,23
2023-04-15 16:25:50,24
2023-04-15 16:30:59,24
2023-04-15 16:36:08,22
2023-04-15 16:41:18,21
2023-04-15 16:46:27,20
2023-04-15 16:51:38,18
2023-04-15 16:56:47,16
2023-04-15 17:01:56,19
2023-04-15 17:07:05,18
2023-04-15 17:12:14,17
2023-04-15 17:17:23,17
2023-04-15 17:22:32,18
2023-04-15 17:27:41,19
2023-04-15 17:32:50,17
2023-04-15 17:37:59,18
2023-04-15 17:43:08,17
2023-04-15 17:48:18,19
2023-04-15 17:53:27,18
2023-04-15 17:58:37,17
2023-04-15 18:03:47,17
2023-04-15 18:08:57,18
2023-04-15 18:14:07,18
2023-04-15 18:19:16,18
2023-04-15 18:24:25,19
2023-04-15 18:29:34,20
2023-04-15 18:34:43,21
2023-04-15 18:39:52,20
2023-04-15 18:45:02,21
2023-04-15 18:50:10,22
2023-04-15 18:55:20,21
2023-04-15 19:00:29,21
2023-04-15 19:05:38,20
2023-04-15 19:10:47,19
2023-04-15 19:15:56,19
2023-04-15 19:21:05,19
2023-04-15 19:26:14,22
2023-04-15 19:31:23,26
2023-04-15 19:36:32,28
2023-04-15 19:41:41,28
2023-04-15 19:46:50,27
2023-04-15 19:51:59,29
2023-04-15 19:57:09,28
2023-04-15 20:02:17,30
2023-04-15 20:07:26,29
2023-04-15 20:12:35,29
2023-04-15 20:17:44,31
2023-04-15 20:22:54,32
2023-04-15 20:28:03,31
2023-04-15 20:33:12,31
2023-04-15 20:38:21,33
2023-04-15 20:43:30,33
2023-04-15 20:48:39,30
2023-04-15 20:53:48,31
2023-04-15 20:58:57,31
2023-04-15 21:04:06,30
2023-04-15 21:09:15,30
2023-04-15 21:14:24,28
2023-04-15 21:19:34,26
2023-04-15 21:24:43,22
2023-04-15 21:29:51,19
2023-04-15 21:35:00,17
2023-04-15 21:40:10,16
2023-04-15 21:45:19,13
2023-04-15 21:50:28,11
2023-04-15 21:55:37,9
2023-04-15 22:00:47,8
2023-04-15 22:05:56,2
2023-04-15 22:11:05,0
2023-04-15 22:16:14,0
2023-04-15 22:21:24,0
2023-04-15 22:26:33,0
2023-04-15 22:31:44,0
2023-04-15 22:36:53,0
2023-04-15 22:42:02,0
2023-04-15 22:47:11,0
2023-04-15 22:52:21,0
2023-04-15 22:57:30,0
2023-04-15 23:02:39,0
2023-04-15 23:07:48,0
2023-04-15 23:12:57,0
2023-04-15 23:18:06,0
2023-04-15 23:23:15,0
2023-04-15 23:28:24,0
2023-04-15 23:33:33,0
2023-04-15 23:38:42,0
2023-04-15 23:43:51,0
2023-04-15 23:49:00,0
2023-04-15 23:54:09,0
2023-04-15 23:59:19,0
2023-04-16 00:04:28,0
2023-04-16 00:09:37,0
2023-04-16 00:14:46,0
2023-04-16 00:19:55,0
2023-04-16 00:25:04,0
2023-04-16 00:30:13,0
2023-04-16 00:35:22,0
2023-04-16 00:40:31,0
2023-04-16 00:45:40,0
2023-04-16 00:50:50,0
2023-04-16 00:55:59,0
2023-04-16 01:01:08,0
2023-04-16 01:06:17,0
2023-04-16 01:11:26,0
2023-04-16 01:16:35,0
2023-04-16 01:21:44,0
2023-04-16 01:26:53,0
2023-04-16 01:32:02,0
2023-04-16 01:37:11,0
2023-04-16 01:42:20,0
2023-04-16 01:47:29,0
2023-04-16 01:52:38,0
2023-04-16 01:57:47,0
2023-04-16 02:02:56,0
2023-04-16 02:08:05,0
2023-04-16 02:13:14,0
2023-04-16 02:18:23,0
2023-04-16 02:23:34,0
2023-04-16 02:28:43,0
2023-04-16 02:33:52,0
2023-04-16 02:39:01,0
2023-04-16 02:44:12,0
2023-04-16 02:49:21,0
2023-04-16 02:54:29,0
2023-04-16 02:59:38,0
2023-04-16 03:04:48,0
2023-04-16 03:09:57,0
2023-04-16 03:15:06,0
2023-04-16 03:20:16,0
2023-04-16 03:25:24,0
2023-04-16 03:30:33,0
2023-04-16 03:35:42,0
2023-04-16 03:40:52,0
2023-04-16 03:46:01,0
2023-04-16 03:51:10,0
2023-04-16 03:56:19,0
2023-04-16 04:01:28,0
2023-04-16 04:06:37,0
2023-04-16 04:11:46,0
2023-04-16 04:16:55,0
2023-04-16 04:22:04,0
2023-04-16 04:27:13,0
2023-04-16 04:32:22,0
2023-04-16 04:37:30,0
2023-04-16 04:42:39,0
2023-04-16 04:47:48,0
2023-04-16 04:52:57,0
2023-04-16 04:58:06,0
2023-04-16 05:03:15,0
2023-04-16 05:13:32,0
2023-04-16 05:18:42,0
2023-04-16 05:23:51,0
2023-04-16 05:29:00,0
2023-04-16 05:34:09,0
2023-04-16 05:39:18,0
2023-04-16 05:44:26,0
2023-04-16 05:49:35,0
2023-04-16 05:54:44,0
2023-04-16 05:59:53,0
2023-04-16 06:05:02,0
2023-04-16 06:10:11,0
2023-04-16 06:15:20,0
2023-04-16 06:20:29,0
2023-04-16 06:25:38,0
2023-04-16 06:30:47,0
2023-04-16 06:35:56,0
2023-04-16 06:41:05,0
2023-04-16 06:51:22,0
2023-04-16 06:56:32,0
2023-04-16 07:01:41,0
2023-04-16 07:06:50,0
2023-04-16 07:11:59,0
2023-04-16 07:17:08,0
2023-04-16 07:22:17,0
2023-04-16 07:27:26,0
2023-04-16 07:32:36,0
2023-04-16 07:37:45,0
2023-04-16 07:42:54,0
2023-04-16 07:48:03,0
2023-04-16 07:53:14,0
2023-04-16 07:58:24,0
2023-04-16 08:03:33,0
2023-04-16 08:08:42,0
2023-04-16 08:13:51,0
2023-04-16 08:19:00,0
2023-04-16 08:24:09,0
2023-04-16 08:29:18,0
2023-04-16 08:34:27,0
2023-04-16 08:39:35,0
2023-04-16 08:44:44,0
2023-04-16 08:49:53,0
2023-04-16 08:55:02,0
2023-04-16 09:00:11,0
2023-04-16 09:05:20,4
2023-04-16 09:10:29,4
2023-04-16 09:15:38,4
2023-04-16 09:20:47,4
2023-04-16 09:25:56,4
2023-04-16 09:31:04,6
2023-04-16 09:36:13,6
2023-04-16 09:41:22,6
2023-04-16 09:46:30,7
2023-04-16 09:51:40,7
2023-04-16 09:56:50,9
2023-04-16 10:01:59,10
2023-04-16 10:07:08,13
2023-04-16 10:12:17,16
2023-04-16 10:17:26,16
2023-04-16 10:22:35,17
2023-04-16 10:27:44,17
2023-04-16 10:38:01,22
2023-04-16 10:43:12,23
2023-04-16 10:48:21,24
2023-04-16 10:53:30,27
2023-04-16 11:03:47,31
2023-04-16 11:08:57,31
2023-04-16 11:14:06,32
2023-04-16 11:19:15,30
2023-04-16 11:24:25,30
2023-04-16 11:29:34,33
2023-04-16 11:34:46,34
2023-04-16 11:39:55,34
2023-04-16 11:45:04,36
2023-04-16 11:50:13,36
2023-04-16 11:55:22,39
2023-04-16 12:00:31,40
2023-04-16 12:05:40,40
2023-04-16 12:10:49,41
2023-04-16 12:15:58,42
2023-04-16 12:21:07,40
2023-04-16 12:26:16,37
2023-04-16 12:31:25,38
2023-04-16 12:36:34,39
2023-04-16 12:41:43,44
2023-04-16 12:46:52,43
2023-04-16 12:52:01,42
2023-04-16 12:57:10,37
2023-04-16 13:02:19,38
2023-04-16 13:07:28,41
2023-04-16 13:12:37,42
2023-04-16 13:17:47,42
2023-04-16 13:22:56,44
2023-04-16 13:28:07,43
2023-04-16 13:33:17,41
2023-04-16 13:38:27,40
2023-04-16 13:43:36,35
2023-04-16 13:48:45,35
2023-04-16 13:53:54,36
2023-04-16 13:59:03,35
2023-04-16 14:04:12,36
2023-04-16 14:09:21,36
2023-04-16 14:14:30,35
2023-04-16 14:19:39,33
2023-04-16 14:24:49,31
2023-04-16 14:29:58,31
2023-04-16 14:35:07,35
2023-04-16 14:40:16,33
2023-04-16 14:45:25,32
2023-04-16 14:50:34,32
2023-04-16 14:55:43,32
2023-04-16 15:00:52,28
2023-04-16 15:06:01,27
2023-04-16 15:11:10,25
2023-04-16 15:16:19,25
2023-04-16 15:21:28,27
2023-04-16 15:26:37,28
2023-04-16 15:31:46,30
2023-04-16 15:36:55,27
2023-04-16 15:42:04,27
2023-04-16 15:47:13,27
2023-04-16 15:52:22,27
2023-04-16 15:57:32,28
2023-04-16 16:02:41,24
2023-04-16 16:07:50,20
2023-04-16 16:12:59,21
2023-04-16 16:18:08,21
2023-04-16 16:23:17,22
2023-04-16 16:28:26,22
2023-04-16 16:33:35,22
2023-04-16 16:38:44,22
2023-04-16 16:43:53,23
2023-04-16 16:49:02,23
2023-04-16 16:54:11,21
2023-04-16 16:59:20,20
2023-04-16 17:04:29,21
2023-04-16 17:09:38,22
2023-04-16 17:14:47,20
2023-04-16 17:19:57,21
2023-04-16 17:25:06,22
2023-04-16 17:30:15,22
2023-04-16 17:35:24,20
2023-04-16 17:40:33,18
2023-04-16 17:45:42,18
2023-04-16 17:50:51,17
2023-04-16 17:56:00,18
2023-04-16 18:01:09,17
2023-04-16 18:06:18,18
2023-04-16 18:11:27,20
2023-04-16 18:16:36,19
2023-04-16 18:21:45,19
2023-04-16 18:26:55,19
2023-04-16 18:32:04,20
2023-04-16 18:37:13,25
2023-04-16 18:42:22,25
2023-04-16 18:47:31,24
2023-04-16 18:52:40,22
2023-04-16 18:57:49,20
2023-04-16 19:02:58,20
2023-04-16 19:08:07,20
2023-04-16 19:13:16,22
2023-04-16 19:18:25,24
2023-04-16 19:23:34,27
2023-04-16 19:28:43,27
2023-04-16 19:33:52,25
2023-04-16 19:39:01,25
2023-04-16 19:44:10,25
2023-04-16 19:49:20,22
2023-04-16 19:54:29,23
2023-04-16 19:59:38,22
